n,k,alpha,r,trials,detection_rate,trim_recovery_rate,contamination_cost,hill_mse,hill_benefit,hill_benefit_se,oracle_trimmed_hill_mse,oracle_trimmed_hill_benefit,oracle_trimmed_hill_benefit_se,adaptive_trimmed_hill_mse,adaptive_trimmed_hill_benefit,adaptive_trimmed_hill_benefit_se,harmonic_moment_beta_0.5_mse,harmonic_moment_beta_0.5_benefit,harmonic_moment_beta_0.5_benefit_se,harmonic_moment_beta_1_mse,harmonic_moment_beta_1_benefit,harmonic_moment_beta_1_benefit_se,harmonic_moment_beta_2_mse,harmonic_moment_beta_2_benefit,harmonic_moment_beta_2_benefit_se,study,level_regime,signal,signal_over_D,signal_over_I,signal_over_R,profile,tau
10000,100,0.011788231063225867,1,5000,0.029,0.0168,0.00022134335883116778,0.002748426234049894,0.0,0.0,0.0025410546009671307,0.00020737163308276352,2.029239882533911e-05,0.0027728723813629985,-2.4446147313103847e-05,9.173277887653498e-06,0.0026602158659158933,8.821036813400108e-05,2.0598404027753523e-05,0.0028663915288690877,-0.00011796529481919347,3.158445114802502e-05,0.003438724576218206,-0.0006902983421683119,5.037035089937564e-05,detection_transition,vanishing,1.3486477411459479,0.4000000000000001,2.6837751190448778,0.2697295482291896,,
10000,100,0.011788231063225867,1,5000,0.0788,0.0682,0.00034225252274772995,0.0028513376410217264,0.0,0.0,0.00252660725533122,0.00032473038569050673,2.969184223018401e-05,0.0028941538867788344,-4.281624575710796e-05,1.6114483281229656e-05,0.002599128589130385,0.00025220905189134103,2.5924777381048047e-05,0.002785495508438019,6.584213258370696e-05,3.61545028693506e-05,0.0032930432007124153,-0.00044170555969068835,5.1123817860116245e-05,detection_transition,vanishing,2.0229716117189214,0.6,4.025662678567316,0.4045943223437843,,
10000,100,0.011788231063225867,1,5000,0.144,0.1318,0.0005507618251015118,0.003088814455001995,0.0,0.0,0.0025776845948613718,0.0005111298601406229,3.413888065959735e-05,0.003244854682903398,-0.0001560402279014028,1.9029104890148095e-05,0.0026841727250566253,0.0004046417299453696,2.9181336192305664e-05,0.002889964090258635,0.00019885036474336023,3.965640922213583e-05,0.0034652760701388906,-0.0003764616151368956,5.501803947620562e-05,detection_transition,vanishing,2.3601335470054083,0.7,4.696606458328535,0.47202670940108166,,
10000,100,0.011788231063225867,1,5000,0.2654,0.2554,0.000677331151271237,0.003127228837124733,0.0,0.0,0.0024703422844075946,0.0006568865527171379,3.8695881582620227e-05,0.003332337893010619,-0.0002051090558858861,2.5655486161332167e-05,0.0026056265083340864,0.0005216023287906458,3.161318459627265e-05,0.0028249800989652157,0.0003022487381595169,4.163210274749833e-05,0.0034316495927859555,-0.0003044207556612233,5.7547503527245835e-05,detection_transition,vanishing,2.6972954822918958,0.8000000000000002,5.3675502380897555,0.5394590964583792,,
10000,100,0.011788231063225867,1,5000,0.4766,0.465,0.000902170586531449,0.0033729369795321815,0.0,0.0,0.0024949181038480756,0.0008780188756841063,4.2783904949760507e-05,0.0036379927998692664,-0.00026505582033708444,3.094789393432848e-05,0.0026306010801189425,0.0007423358994132394,3.4754344256009787e-05,0.0028258412994297756,0.0005470956801024062,4.4505954414131814e-05,0.003391498039314476,-1.8561059782293926e-05,5.764367529366335e-05,detection_transition,vanishing,3.0344574175783823,0.9,6.038494017850974,0.6068914835156765,,
10000,100,0.011788231063225867,1,5000,0.7304,0.7186,0.0011931688538608662,0.0036648675668335116,0.0,0.0,0.0024963039083367574,0.0011685636584967537,4.819256702923892e-05,0.0035312330912017835,0.00013363447563172808,3.992653629404317e-05,0.0026414986174594164,0.0010233689493740947,3.889627922678162e-05,0.0028207857679671566,0.0008440817988663547,4.807700506667889e-05,0.0034015396431853785,0.0002633279236481327,5.9669098816123863e-05,detection_transition,vanishing,3.3716193528648692,1.0,6.7094377976121935,0.6743238705729738,,
10000,100,0.011788231063225867,1,5000,0.927,0.915,0.0012654146669218264,0.0037709341226114346,0.0,0.0,0.0025216825686508095,0.0012492515539606246,5.311335115178835e-05,0.0030148830367037575,0.0007560510859076766,4.89890852134108e-05,0.002636132078280625,0.0011348020443308095,4.389932105131026e-05,0.002835112822910491,0.0009358212997009435,5.374618794395142e-05,0.0033989898023001727,0.00037194432031126143,6.51136784056122e-05,detection_transition,vanishing,3.7087812881513567,1.1,7.380381577373414,0.7417562576302713,,
10000,100,0.011788231063225867,1,5000,0.9824,0.9722,0.0017358738075135207,0.004266653514457967,0.0,0.0,0.002545898886708367,0.0017207546277496,5.7874226276157854e-05,0.0027302282400200896,0.0015364252744378766,5.61571708737519e-05,0.002716560631729749,0.0015500928827282174,4.800151739450599e-05,0.0028923994883620742,0.0013742540260958923,5.8016983463192124e-05,0.003463372003464629,0.0008032815109933382,6.97628601419e-05,detection_transition,vanishing,4.045943223437843,1.2,8.051325357134631,0.8091886446875686,,
10000,100,0.011788231063225867,1,5000,0.9976,0.9878,0.0018506593468211755,0.004240250370140981,0.0,0.0,0.0024066503486859887,0.0018336000214549922,6.077138517231086e-05,0.002457174527718822,0.0017830758424221588,6.0848425197307685e-05,0.0025223699598129266,0.0017178804103280547,5.136628797465422e-05,0.0026967877870948394,0.001543462583046142,6.134706093560886e-05,0.0032583311907484784,0.0009819191793925034,7.188271698640422e-05,detection_transition,vanishing,4.38310515872433,1.3,8.722269136895852,0.876621031744866,,
10000,100,0.011788231063225867,1,5000,1.0,0.9874,0.002735336253004154,0.005263666819158012,0.0,0.0,0.0025413410442352347,0.002722325774922777,7.2315817267229e-05,0.0025543586950038566,0.002709308124154155,7.302399129468507e-05,0.002727330171051461,0.0025363366481065508,6.137145443508786e-05,0.002897540715982906,0.0023661261031751053,7.099229304726685e-05,0.0035046283494398226,0.0017590384697181894,7.973008418737617e-05,detection_transition,vanishing,5.057429029297304,1.5,10.06415669641829,1.011485805859461,,
10000,100,0.011788231063225867,1,5000,1.0,0.9906,0.0045381459704651236,0.006998775947263993,0.0,0.0,0.0024888616801152555,0.0045099142671487374,9.503937767574216e-05,0.0024934241785551257,0.004505351768708867,9.567451141021586e-05,0.0026653975089268376,0.004333378438337155,8.270752920829949e-05,0.002842876635344015,0.004155899311919978,9.19876270123318e-05,0.0034221864970272733,0.0035765894502367197,9.814575958118571e-05,detection_transition,vanishing,6.7432387057297385,2.0,13.418875595224387,1.3486477411459477,,
10000,100,0.011788231063225867,5,5000,0.0266,0.0184,0.00018524204106187277,0.0027612890978180324,0.0,0.0,0.0026859353038356337,7.535379398239842e-05,2.550425520736104e-05,0.002771584298925512,-1.0295201107480089e-05,9.6618460915791e-06,0.0027484502418191233,1.2838855998908957e-05,1.8732066878380475e-05,0.0029438805977597435,-0.00018259149994171114,3.164280325069e-05,0.003525946562482051,-0.0007646574646640178,5.341027573014693e-05,detection_transition,vanishing,1.3486477411459479,0.4000000000000001,1.1757238428179178,0.2697295482291896,,
10000,100,0.011788231063225867,5,5000,0.0756,0.0666,0.0004569927243473309,0.0030034189761194868,0.0,0.0,0.002683466852248814,0.00031995212387067286,3.3575315200777e-05,0.003066346685425374,-6.29277093058872e-05,1.4315549177493502e-05,0.0028199902566759132,0.0001834287194435736,2.1531961393449985e-05,0.0029684751339251504,3.4943842194335864e-05,3.447452604382242e-05,0.0035330731297816783,-0.0005296541536621916,5.372335162299389e-05,detection_transition,vanishing,2.0229716117189214,0.6,1.7635857642268762,0.4045943223437843,,
10000,100,0.011788231063225867,5,5000,0.1386,0.1308,0.0005484939082111193,0.003127282166011303,0.0,0.0,0.002706652473283675,0.0004206296927276278,3.645589118006986e-05,0.0032461579126463634,-0.00011887574663506106,1.8342465103775302e-05,0.0028529765308635147,0.0002743056351477878,2.284037026962223e-05,0.0029716764368369203,0.00015560572917438243,3.6209280740444745e-05,0.0035102606540846066,-0.00038297848807330423,5.542409085474583e-05,detection_transition,vanishing,2.3601335470054083,0.7,2.0575167249313555,0.47202670940108166,,
10000,100,0.011788231063225867,5,5000,0.2692,0.2626,0.000770308270548656,0.003295444141738573,0.0,0.0,0.0026780103305065733,0.0006174338112319999,4.1470049518921123e-05,0.0035367231286433168,-0.0002412789869047434,2.7020748993799215e-05,0.002889694078926605,0.00040575006281196784,2.5056571784058742e-05,0.002984271876023834,0.0003111722657147389,3.890400463862166e-05,0.003532461661961988,-0.00023701752022341473,5.7605694804771756e-05,detection_transition,vanishing,2.6972954822918958,0.8000000000000002,2.3514476856358355,0.5394590964583792,,
10000,100,0.011788231063225867,5,5000,0.4656,0.4576,0.0009416068929853265,0.0035560350879741266,0.0,0.0,0.0027583135722167042,0.0007977215157574223,4.663979692447911e-05,0.0038592841246787423,-0.00030324903670461603,3.4573299423933004e-05,0.0029753844130494473,0.000580650674924679,2.8371451012189953e-05,0.003011945107553335,0.0005440899804207913,4.2968352785587865e-05,0.0035152433993951484,4.0791688578978006e-05,6.058189015272603e-05,detection_transition,vanishing,3.0344574175783823,0.9,2.645378646340314,0.6068914835156765,,
10000,100,0.011788231063225867,5,5000,0.7338,0.7282,0.0011334773261341773,0.0036128590391207582,0.0,0.0,0.002585014973657554,0.001027844065463204,5.038902586306406e-05,0.003531888811182594,8.097022793816398e-05,4.243214915961751e-05,0.002888396848749892,0.0007244621903708657,2.932643235397684e-05,0.0029008286331817287,0.0007120304059390295,4.373006887074266e-05,0.0034127363824637542,0.00020012265665700414,6.0181152329749426e-05,detection_transition,vanishing,3.3716193528648692,1.0,2.9393096070447937,0.6743238705729738,,
10000,100,0.011788231063225867,5,5000,0.9088,0.9028,0.001318545018949875,0.0038189876154789133,0.0,0.0,0.00265249348471314,0.0011664941307657727,5.486756504710327e-05,0.0031664546542384373,0.0006525329612404752,5.008047688201625e-05,0.002963048477222063,0.0008559391382568496,3.1128159656590565e-05,0.0029578819032363857,0.0008611057122425269,4.6508292197458994e-05,0.0034753264408778294,0.0003436611746010834,6.361578808845896e-05,detection_transition,vanishing,3.7087812881513567,1.1,3.2332405677492737,0.7417562576302713,,
10000,100,0.011788231063225867,5,5000,0.983,0.9778,0.001592516953784498,0.00398847473074201,0.0,0.0,0.0025511617847132763,0.0014373129460287337,5.780229227019025e-05,0.002702383665385556,0.0012860910653564542,5.6622645522417876e-05,0.002905919147998047,0.0010825555827439636,3.331697315801063e-05,0.002834466871424548,0.0011540078593174623,4.939971761284363e-05,0.0033008029073178717,0.000687671823424138,6.665988502269542e-05,detection_transition,vanishing,4.045943223437843,1.2,3.5271715284537524,0.8091886446875686,,
10000,100,0.011788231063225867,5,5000,0.9984,0.991,0.001918590560057001,0.004465662877373024,0.0,0.0,0.002674219963016971,0.001791442914356052,6.420605413294333e-05,0.002696697037390333,0.0017689658399826903,6.447574049132156e-05,0.0030945538184199844,0.0013711090589530385,3.758130956184622e-05,0.0029645925023753525,0.0015010703749976711,5.48503748987824e-05,0.0034300906687153047,0.0010355722086577192,7.233568471540702e-05,detection_transition,vanishing,4.38310515872433,1.3,3.821102489158232,0.876621031744866,,
10000,100,0.011788231063225867,5,5000,1.0,0.9938,0.0025699343172054705,0.00505999804381841,0.0,0.0,0.0026208925073045826,0.0024391055365138277,7.373540085985608e-05,0.0026308689120054084,0.0024291291318130023,7.40980333306672e-05,0.0031966723398166147,0.0018633257040017966,4.304731427214252e-05,0.002992318074269345,0.002067679969549066,6.199732945880903e-05,0.003467422289503621,0.00159257575431479,7.963236812452086e-05,detection_transition,vanishing,5.057429029297304,1.5,4.408964410567191,1.011485805859461,,
10000,100,0.011788231063225867,5,5000,1.0,0.994,0.004615121087277262,0.00706974637628661,0.0,0.0,0.002613277996078938,0.0044564683802076725,9.512873447979557e-05,0.0026172364130108185,0.004452509963275793,9.55037716624914e-05,0.003567821564654016,0.0035019248116325953,5.6218157041430766e-05,0.003078137322037938,0.0039916090542486725,7.845298516825687e-05,0.0035025347832415305,0.00356721159304508,9.589785802419211e-05,detection_transition,vanishing,6.7432387057297385,2.0,5.878619214089587,1.3486477411459477,,
10000,100,0.05,1,5000,0.0864,0.0394,0.0001060577868635637,0.0025713775913039226,0.0,0.0,0.0024891996676819485,8.217792362197413e-05,1.6647815270955978e-05,0.0026171402608937805,-4.576266958985809e-05,1.4939152295503173e-05,0.0026348682753666156,-6.34906840626933e-05,1.823021307509604e-05,0.00289488005517068,-0.0003235024638667576,2.9854052068214085e-05,0.003532117037041708,-0.0009607394457377854,5.120310058390074e-05,detection_transition,fixed,1.0596634733096073,0.4,2.1087036870076505,0.21193269466192147,,
10000,100,0.05,1,5000,0.1654,0.1174,0.00023308509600381856,0.002676204193023357,0.0,0.0,0.002464128774533263,0.0002120754184900942,2.3410028664363165e-05,0.0027319453246675094,-5.574113164415201e-05,1.8248402976038185e-05,0.0025595364267676592,0.00011666776625569773,2.1807260624300797e-05,0.002768982827790138,-9.27786347667816e-05,3.221090734636628e-05,0.0033253852444679916,-0.0006491810514446341,4.9082547134623613e-05,detection_transition,fixed,1.5894952099644108,0.6,3.1630555305114756,0.31789904199288216,,
10000,100,0.05,1,5000,0.2388,0.1896,0.00037417018267954055,0.002781264383998059,0.0,0.0,0.0024261783863312124,0.00035508599766684713,2.694144104260431e-05,0.002872673486086456,-9.14091020883969e-05,2.124262431089181e-05,0.00255532472213208,0.0002259396618659793,2.3651365809632346e-05,0.0027556541145823225,2.5610269415736892e-05,3.396338113266188e-05,0.0033043437282064938,-0.0005230793442084341,5.011463464387425e-05,detection_transition,fixed,1.8544110782918126,0.7,3.6902314522633883,0.37088221565836255,,
10000,100,0.05,1,5000,0.3678,0.3254,0.00040547056275516084,0.002810458634197696,0.0,0.0,0.0024311811258974744,0.00037927750830022235,2.9730839943953486e-05,0.003001413732103504,-0.00019095509790580784,2.4788298834268234e-05,0.002554049344738041,0.0002564092894596552,2.6136030452625835e-05,0.0027771661728213217,3.329246137637456e-05,3.720959757995662e-05,0.003361386029749751,-0.0005509273955520545,5.540995276256945e-05,detection_transition,fixed,2.1193269466192146,0.8,4.217407374015301,0.42386538932384293,,
10000,100,0.05,1,5000,0.573,0.5338,0.0005557179985999429,0.003088193737960332,0.0,0.0,0.002571046049893512,0.00051714768806682,3.462174778184131e-05,0.0032750893508839353,-0.0001868956129236035,3.070625695763662e-05,0.0026953352401126954,0.0003928584978476364,2.902254046581155e-05,0.0028993070085540063,0.00018888672940632574,3.9777581660876984e-05,0.0034668871005190736,-0.00037869336255874105,5.704096925442791e-05,detection_transition,fixed,2.3842428149466164,0.9,4.744583295767214,0.47684856298932327,,
10000,100,0.05,1,5000,0.7856,0.747,0.0007931788087979072,0.003378800449656329,0.0,0.0,0.0026159095068940524,0.0007628909427622769,3.8904676997223376e-05,0.003281542980581552,9.725746907477714e-05,3.5473369049310226e-05,0.0027823571089925074,0.0005964433406638218,3.272289510377637e-05,0.0029795928584330947,0.0003992075912232344,4.351196996638751e-05,0.0035759395064015485,-0.00019713905674521927,5.897313835771732e-05,detection_transition,fixed,2.649158683274018,1.0,5.271759217519127,0.5298317366548037,,
10000,100,0.05,1,5000,0.9426,0.8942,0.0008436203969680449,0.0034233854410390505,0.0,0.0,0.0025919637164149517,0.0008314217246240992,4.2602909721773196e-05,0.002894599349707539,0.0005287860913315116,4.3029080972045994e-05,0.0027211776708735576,0.000702207770165493,3.506349340231699e-05,0.0029156361293236244,0.000507749311715426,4.520538318025749e-05,0.003487820357763472,-6.443491672442102e-05,5.9149343666619386e-05,detection_transition,fixed,2.9140745516014204,1.1,5.79893513927104,0.5828149103202841,,
10000,100,0.05,1,5000,0.9886,0.9462,0.0009334814153178634,0.0034782294473148243,0.0,0.0,0.002570818201555376,0.0009074112457594477,4.576583353266704e-05,0.0026821816970235756,0.0007960477502912479,4.704997967123126e-05,0.002696632741089941,0.0007815967062248824,3.736500753424389e-05,0.0029186473129298026,0.0005595821343850209,4.746280260373162e-05,0.003541714760284877,-6.348531297005378e-05,6.162569518892481e-05,detection_transition,fixed,3.1789904199288217,1.2,6.326111061022951,0.6357980839857643,,
10000,100,0.05,1,5000,0.9996,0.9552,0.0011974776238843144,0.003546957177171306,0.0,0.0,0.002360751431598761,0.0011862057455725456,4.771198368872845e-05,0.0023954403845958473,0.001151516792575459,4.985722872303449e-05,0.0025097587604675686,0.0010371984167037382,3.9005386315501774e-05,0.002698488531230055,0.0008484686459412513,4.836243613362231e-05,0.0032735926347484587,0.00027336454242284796,6.036800786200208e-05,detection_transition,fixed,3.443906288256224,1.3,6.853286982774865,0.6887812576512448,,
10000,100,0.05,1,5000,1.0,0.9572,0.0015782100540363902,0.0040701655619693146,0.0,0.0,0.0025220737447144968,0.0015480918172548176,5.665380478804398e-05,0.0025504461356698127,0.0015197194262995019,5.9199976424004897e-05,0.0026754791232940045,0.0013946864386753103,4.671806659803017e-05,0.0028689187358531825,0.0012012468261161323,5.6730827327534233e-05,0.0034564237800111136,0.000613741781958201,6.892045152412862e-05,detection_transition,fixed,3.973738024911027,1.5,7.907638826278689,0.7947476049822054,,
10000,100,0.05,1,5000,1.0,0.9526,0.0028032173692141347,0.005325263079769657,0.0,0.0,0.0025369773329078243,0.002788285746861833,7.497768521120899e-05,0.0025672677597126654,0.002757995320056992,7.711958464198212e-05,0.002723163549741228,0.002602099530028429,6.26569257387536e-05,0.0029123113300455875,0.0024129517497240697,7.197837116385737e-05,0.0035104716001115926,0.0018147914796580646,8.079562354685738e-05,detection_transition,fixed,5.298317366548036,2.0,10.543518435038253,1.0596634733096073,,
10000,100,0.05,5,5000,0.0786,0.038,0.00011623543593948585,0.0026168972832976323,0.0,0.0,0.002605859209160725,1.1038074136907036e-05,2.216319848620161e-05,0.0026463494612905536,-2.9452177992921134e-05,1.2353887623907042e-05,0.002645705343726015,-2.8808060428382688e-05,1.7725967357881614e-05,0.002846793924045766,-0.00022989664074813402,3.0043316009976975e-05,0.003413930400046945,-0.0007970331167493121,5.1266980625281335e-05,detection_transition,fixed,1.0596634733096073,0.4,0.9237931988635777,0.21193269466192147,,
10000,100,0.05,5,5000,0.1518,0.1138,0.0002644747041063274,0.002684113170220974,0.0,0.0,0.002571587693465626,0.00011252547675534848,2.6758585386503303e-05,0.0027487728808802386,-6.465971065926397e-05,1.7590164855209524e-05,0.0026256110457864115,5.850212443456276e-05,1.926630415232546e-05,0.0027996308443578987,-0.00011551767413692415,3.1556707035205333e-05,0.0033473743420073367,-0.0006632611717863625,5.0905195407522785e-05,detection_transition,fixed,1.5894952099644108,0.6,1.3856897982953664,0.31789904199288216,,
10000,100,0.05,5,5000,0.231,0.195,0.00035092580530797745,0.0029188930492534478,0.0,0.0,0.0027591048868136395,0.00015978816243980803,3.0410942683804107e-05,0.003049039807297238,-0.00013014675804379016,2.1463683453915787e-05,0.002794812537128805,0.0001240805121246434,2.094027018528917e-05,0.0029386861932435017,-1.9793143990054013e-05,3.3610408623735595e-05,0.0034453386857974467,-0.0005264456365439985,5.251696140014381e-05,detection_transition,fixed,1.8544110782918126,0.7,1.6166380980112607,0.37088221565836255,,
10000,100,0.05,5,5000,0.3722,0.3376,0.0004238632669221577,0.0029176676972365754,0.0,0.0,0.002641703712804343,0.00027596398443223267,3.392262191843675e-05,0.0031442392648001237,-0.00022657156756354863,2.6567822663351915e-05,0.0027249483134644675,0.00019271938377210816,2.237853365026557e-05,0.0028723105263347014,4.535717090187392e-05,3.54242451085717e-05,0.0034289353118415336,-0.000511267614604958,5.420370267845606e-05,detection_transition,fixed,2.1193269466192146,0.8,1.8475863977271554,0.42386538932384293,,
10000,100,0.05,5,5000,0.574,0.544,0.0005139156660702048,0.002988105496859794,0.0,0.0,0.0025990020904546563,0.0003891034064051376,3.6395642739236596e-05,0.003221427069616662,-0.00023332157275686777,3.078083934987773e-05,0.0026911459932850916,0.0002969595035747025,2.311007337927578e-05,0.002796874444864335,0.00019123105199545927,3.651561655126113e-05,0.0033213436131220332,-0.00033323811626223966,5.5307112743862495e-05,detection_transition,fixed,2.3842428149466164,0.9,2.07853469744305,0.47684856298932327,,
10000,100,0.05,5,5000,0.7918,0.7684,0.000642147644899711,0.0031143026385429843,0.0,0.0,0.0026075715352255626,0.000506731103317422,3.974354201493965e-05,0.0031426967712859357,-2.839413274295161e-05,3.549687342836803e-05,0.0027793650567444223,0.000334937581798562,2.4566186528283313e-05,0.002895276712112893,0.00021902592643009147,3.898678901582292e-05,0.0034622795775285996,-0.00034797693898561464,6.0736944219700246e-05,detection_transition,fixed,2.649158683274018,1.0,2.309482997158944,0.5298317366548037,,
10000,100,0.05,5,5000,0.9376,0.911,0.000838673309534556,0.0033904037816096747,0.0,0.0,0.002682809604848085,0.00070759417676159,4.433965372783315e-05,0.002960617206578159,0.0004297865750315157,4.330399854703618e-05,0.0028988597932570587,0.000491543988352616,2.6225410619242923e-05,0.002967946293715045,0.0004224574878946302,4.026993029132307e-05,0.0035127155020981946,-0.00012231172048852003,5.8201070503682056e-05,detection_transition,fixed,2.9140745516014204,1.1,2.540431296874839,0.5828149103202841,,
10000,100,0.05,5,5000,0.9896,0.9648,0.0009724308004825807,0.003496084145570677,0.0,0.0,0.0026723275268496797,0.0008237566187209971,4.7986441650450746e-05,0.0027385902849449933,0.0007574938606256835,4.879265072341302e-05,0.0029036749426877805,0.0005924092028828964,2.8136424013695004e-05,0.002950742374939917,0.0005453417706307602,4.2856300241559267e-05,0.0034746632988512287,2.1420846719447745e-05,6.098317955546812e-05,detection_transition,fixed,3.1789904199288217,1.2,2.771379596590733,0.6357980839857643,,
10000,100,0.05,5,5000,0.9994,0.9756,0.0011665345473251523,0.003569806411851279,0.0,0.0,0.00251154152484124,0.0010582648870100396,5.065366206573201e-05,0.002528697869439755,0.0010411085424115243,5.1973347364607746e-05,0.0028089046871847246,0.0007609017246665548,2.9618514163951842e-05,0.0028176479594884535,0.000752158452362826,4.426773704430063e-05,0.003321516574089584,0.0002482898377616948,6.0522308003379557e-05,detection_transition,fixed,3.443906288256224,1.3,3.0023278963066273,0.6887812576512448,,
10000,100,0.05,5,5000,1.0,0.978,0.0015711618656282773,0.004048402717051197,0.0,0.0,0.002590635538721569,0.0014577671783296282,5.8201702250796184e-05,0.002604988973317617,0.0014434137437335799,5.9364768956688623e-05,0.0029965236739878214,0.0010518790430633755,3.339516958385711e-05,0.0029420113395256737,0.0011063913775255234,4.924612946751839e-05,0.003456078559369604,0.0005923241576815935,6.635919180986589e-05,detection_transition,fixed,3.973738024911027,1.5,3.464224495738416,0.7947476049822054,,
10000,100,0.05,5,5000,1.0,0.9764,0.002769365608139746,0.0053620826945801415,0.0,0.0,0.002732151234554624,0.002629931460025517,7.80289041722245e-05,0.0027358357317451456,0.0026262469628349962,7.925291734226125e-05,0.003307252945460911,0.002054829749119231,4.551425914330644e-05,0.0030568719813037232,0.0023052107132764186,6.515634083004704e-05,0.003504273323563413,0.0018578093710167288,8.269804248359637e-05,detection_transition,fixed,5.298317366548036,2.0,4.618965994317888,1.0596634733096073,,
50000,223,0.008542072972012553,1,5000,0.0214,0.0148,3.359995107279298e-05,0.0011732854772882894,0.0,0.0,0.0011443631906208093,2.892228666748029e-05,6.490900927626369e-06,0.0011794313305746936,-6.14585328640397e-06,2.5286366046315906e-06,0.001191596270418523,-1.8310793130233388e-05,7.948396549336153e-06,0.001295646881599227,-0.00012236140431093724,1.2939183739551247e-05,0.0015595791681143102,-0.0003862936908260207,2.1934493077155952e-05,detection_transition,vanishing,1.4130673313723776,0.4,2.819790918128255,0.18925197491392917,,
50000,223,0.008542072972012553,1,5000,0.0662,0.0582,0.00010200585159293276,0.0012521988462023267,0.0,0.0,0.0011522503974143953,9.994844878793151e-05,9.381398856575589e-06,0.0012649910462010927,-1.2792199998765764e-05,4.083596206870061e-06,0.0012084187496999115,4.378009650241529e-05,9.98819728157732e-06,0.0013086423200593198,-5.64434738569931e-05,1.4895908796236227e-05,0.0015676333338155242,-0.0003154344876131974,2.342992339994715e-05,detection_transition,vanishing,2.119600997058566,0.6,4.229686377192382,0.2838779623708937,,
50000,223,0.008542072972012553,1,5000,0.131,0.1224,0.00013100300083975026,0.001262511041877473,0.0,0.0,0.0011378976752339346,0.00012461336664353837,1.0798718760485941e-05,0.0012815868714929665,-1.9075829615493232e-05,5.957703215934608e-06,0.0011910978062654842,7.141323561198873e-05,1.0667315874181183e-05,0.0012912662214533735,-2.875517957590056e-05,1.5108415882280126e-05,0.001549631066269494,-0.00028712002439202066,2.2628478310102077e-05,detection_transition,vanishing,2.4728678299016607,0.7,4.934634106724446,0.331190956099376,,
50000,223,0.008542072972012553,1,5000,0.2544,0.2486,0.00017528407554201478,0.0013017552359076787,0.0,0.0,0.0011361719709674812,0.0001655832649401976,1.2132872752993707e-05,0.001347131126918981,-4.5375891011302085e-05,7.293670086008118e-06,0.0011967694092866181,0.00010498582662106055,1.1367020647131721e-05,0.0012956502068174783,6.105029090200748e-06,1.5691988848320555e-05,0.001548826765633913,-0.00024707152972623403,2.2982475255286454e-05,detection_transition,vanishing,2.826134662744755,0.8,5.63958183625651,0.37850394982785834,,
50000,223,0.008542072972012553,1,5000,0.4758,0.4684,0.00020286275108128194,0.0012720267280656211,0.0,0.0,0.001074828592488575,0.00019719813557704616,1.3468248235060798e-05,0.0013437021737197539,-7.167544565413276e-05,1.0383640126033625e-05,0.0011192791093943564,0.00015274761867126478,1.2649819220118844e-05,0.001210944097269428,6.108263079619305e-05,1.6805464438025723e-05,0.001454965217866225,-0.00018293848980060378,2.3343763871209247e-05,detection_transition,vanishing,3.17940149558785,0.9,6.344529565788575,0.42581694355634064,,
50000,223,0.008542072972012553,1,5000,0.8156,0.808,0.00025447444811079476,0.0013827738051845782,0.0,0.0,0.001132821167599802,0.00024995263758477595,1.5211480836950315e-05,0.0013595202015462193,2.3253603638358912e-05,1.3350348989947786e-05,0.0011861461750788133,0.00019662763010576482,1.38586040103188e-05,0.0012810503117522548,0.00010172349343232334,1.796628688758369e-05,0.0015312193119638483,-0.0001484455067792701,2.445493460810799e-05,detection_transition,vanishing,3.532668328430944,1.0,7.049477295320638,0.4731299372848229,,
50000,223,0.008542072972012553,1,5000,0.9814,0.9724,0.00028998558866598405,0.0013454347166737169,0.0,0.0,0.0010601813319069404,0.00028525338476677656,1.6160926680795373e-05,0.0011102218150852035,0.00023521290158851337,1.5769652698872534e-05,0.0011112823873153563,0.0002341523293583606,1.4693394677228916e-05,0.0012054724790512674,0.00013996223762244943,1.857543886296879e-05,0.0014446328160387825,-9.919809936506554e-05,2.449425740735704e-05,detection_transition,vanishing,3.8859351612740385,1.1,7.754425024852702,0.5204429310133052,,
50000,223,0.008542072972012553,1,5000,0.9984,0.9924,0.00036574077452776027,0.001499712067594441,0.0,0.0,0.0011406160577323765,0.0003590960098620644,1.8167620164777653e-05,0.001151015793052867,0.000348696274541574,1.818537159239321e-05,0.0011861111755658254,0.0003136008920286156,1.6608374783247288e-05,0.0012729570080463827,0.00022675505954805822,2.0523448227218135e-05,0.0015103520379057967,-1.0639970311355745e-05,2.6156465587403492e-05,detection_transition,vanishing,4.239201994117132,1.2,8.459372754384765,0.5677559247417874,,
50000,223,0.008542072972012553,1,5000,1.0,0.9918,0.0004383971096289417,0.0015531224706488835,0.0,0.0,0.0011209760018988737,0.00043214646875001,1.9536132110548528e-05,0.0011225018242582352,0.00043062064639064863,1.9659761492657348e-05,0.0011883155041739336,0.0003648069664749499,1.747280907214221e-05,0.0012938724504795878,0.00025925002016929585,2.1254935250531964e-05,0.00156822002707686,-1.5097556427976421e-05,2.700038886369995e-05,detection_transition,vanishing,4.592468826960228,1.3,9.16432048391683,0.6150689184702698,,
50000,223,0.008542072972012553,1,5000,1.0,0.992,0.0005752629249867355,0.0017279529231535352,0.0,0.0,0.0011568813462437216,0.0005710715769098139,2.2890877700241804e-05,0.001159228762990651,0.0005687241601628845,2.3039929674367868e-05,0.001214324176842459,0.0005136287463110763,2.0469447939126163e-05,0.0013083057426929588,0.00041964718046057643,2.4067720556013563e-05,0.0015628391979506631,0.00016511372520287222,2.906556460177148e-05,detection_transition,vanishing,5.299002492646416,1.5,10.574215942980956,0.7096949059272344,,
50000,223,0.008542072972012553,1,5000,1.0,0.9928,0.0010104411075354536,0.002141886782742933,0.0,0.0,0.0011375721915160848,0.0010043145912268482,3.0107651934643678e-05,0.0011384513272014512,0.001003435455541482,3.025768965526497e-05,0.0011861126045311526,0.0009557741782117807,2.734750065182159e-05,0.0012756361594982817,0.0008662506232446516,3.053805481510719e-05,0.0015206075601174158,0.0006212792226255175,3.4253919142931436e-05,detection_transition,vanishing,7.065336656861888,2.0,14.098954590641275,0.9462598745696458,,
50000,223,0.008542072972012553,5,5000,0.023,0.016,2.8937372688728556e-05,0.0011486236547184046,0.0,0.0,0.0011404487881718115,8.174866546593028e-06,7.603446387692016e-06,0.001151090589007973,-2.4669342895686905e-06,2.4761385407156356e-06,0.0011795156107379068,-3.089195601950252e-05,7.447496004075054e-06,0.0012820519299938764,-0.00013342827527547206,1.2606956080728528e-05,0.0015449488633994496,-0.00039632520868104526,2.121754682776289e-05,detection_transition,vanishing,1.4130673313723776,0.4,1.2496363936700388,0.18925197491392917,,
50000,223,0.008542072972012553,5,5000,0.0652,0.06,9.178489598362998e-05,0.0011874795421521914,0.0,0.0,0.0011205523876939053,6.692715445828604e-05,1.0020941623932426e-05,0.0012050454759192902,-1.7565933767098767e-05,4.065815906217413e-06,0.0011595002250516192,2.797931710057202e-05,8.343911060310816e-06,0.0012390353315502387,-5.155578939804766e-05,1.343348434117147e-05,0.0014702182186812625,-0.0002827386765290713,2.106915421375421e-05,detection_transition,vanishing,2.119600997058566,0.6,1.8744545905050578,0.2838779623708937,,
50000,223,0.008542072972012553,5,5000,0.129,0.1248,0.00013003189712575803,0.0011952264414650182,0.0,0.0,0.0010972834187266084,9.794302273840993e-05,1.1215810577586086e-05,0.001221849920406634,-2.6623478941615712e-05,5.633318735172238e-06,0.001134242580555957,6.098386090906129e-05,8.899203097424225e-06,0.0012072221982841584,-1.1995756819140033e-05,1.3993233580952633e-05,0.001436898001381078,-0.00024167155991605975,2.136404045013859e-05,detection_transition,vanishing,2.4728678299016607,0.7,2.1868636889225677,0.331190956099376,,
50000,223,0.008542072972012553,5,5000,0.2408,0.2362,0.0001741320989857146,0.0012757751138509435,0.0,0.0,0.001135675514049298,0.0001400995998016456,1.2711380669700296e-05,0.0013218460021679047,-4.607088831696126e-05,7.913450114209626e-06,0.0011920194239136543,8.375568993728947e-05,9.71750104292952e-06,0.0012657798233468459,9.99529050409761e-06,1.5131347468341266e-05,0.0015031546720343197,-0.0002273795581833762,2.3017909092115182e-05,detection_transition,vanishing,2.826134662744755,0.8,2.4992727873400775,0.37850394982785834,,
50000,223,0.008542072972012553,5,5000,0.4934,0.4902,0.00019005311600151135,0.0013247273310469784,0.0,0.0,0.0011608348853975995,0.00016389244564937857,1.4145791550940064e-05,0.0014203204412664675,-9.559311021948941e-05,1.075052147272527e-05,0.001215906458211789,0.00010882087283518915,1.024996259941699e-05,0.0012894440638385539,3.528326720842434e-05,1.567774227469351e-05,0.0015303010248104833,-0.00020557369376350527,2.3197578129163823e-05,detection_transition,vanishing,3.17940149558785,0.9,2.8116818857575874,0.42581694355634064,,
50000,223,0.008542072972012553,5,5000,0.8102,0.8046,0.00025379487721540964,0.0013608021801269645,0.0,0.0,0.0011351351130941554,0.00022566706703280905,1.5325720997713576e-05,0.0013471579493650665,1.3644230761897902e-05,1.3501551724865342e-05,0.0011945852364366478,0.0001662169436903169,1.1071688265187198e-05,0.0012502549048816185,0.0001105472752453459,1.6665531609445396e-05,0.0014744692119279437,-0.00011366703180097915,2.391506875709533e-05,detection_transition,vanishing,3.532668328430944,1.0,3.124090984175097,0.4731299372848229,,
50000,223,0.008542072972012553,5,5000,0.9738,0.9694,0.0003063078967713162,0.0014226171059304028,0.0,0.0,0.001141885574901916,0.0002807315310284867,1.7079545878682328e-05,0.0012021214249248269,0.00022049568100557587,1.638917482307328e-05,0.0012178059828466326,0.00020481112308377,1.2134288516024991e-05,0.0012830168874087445,0.00013960021852165832,1.7937376215822426e-05,0.0015368869954199777,-0.00011426988948957515,2.533787397038086e-05,detection_transition,vanishing,3.8859351612740385,1.1,3.4365000825926066,0.5204429310133052,,
50000,223,0.008542072972012553,5,5000,0.9992,0.9938,0.0003655161946444689,0.001473570492556417,0.0,0.0,0.001126589496939092,0.00034698099561732533,1.8738452071052616e-05,0.0011312041677691998,0.00034236632478721745,1.8787097975256883e-05,0.0012095140562310128,0.0002640564363254044,1.2877933036257152e-05,0.001259616879509392,0.00021395361304702522,1.8632029874174793e-05,0.0014987593179061317,-2.518882534971435e-05,2.545839041203621e-05,detection_transition,vanishing,4.239201994117132,1.2,3.7489091810101156,0.5677559247417874,,
50000,223,0.008542072972012553,5,5000,1.0,0.9956,0.000399970749584039,0.0015427091326572593,0.0,0.0,0.00116826396788725,0.00037444516477000954,2.019591906395703e-05,0.001169596776650816,0.00037311235600644333,2.0267882469628937e-05,0.0012445268109301851,0.0002981823217270743,1.377183532317156e-05,0.001293634156187199,0.0002490749764700605,1.9974345318621756e-05,0.0015326601650841052,1.0048967573154213e-05,2.701250687359237e-05,detection_transition,vanishing,4.592468826960228,1.3,4.061318279427626,0.6150689184702698,,
50000,223,0.008542072972012553,5,5000,1.0,0.9964,0.0005826122030873083,0.0017062626067143782,0.0,0.0,0.0011501614194109337,0.0005561011873034445,2.3068126405654576e-05,0.0011517519108306855,0.0005545106958836928,2.316705945896524e-05,0.0012689804196461957,0.0004372821870681828,1.567761636690832e-05,0.0013016498835858325,0.00040461272312854575,2.212264717178275e-05,0.0015453376539849145,0.00016092495272946374,2.8637550762877183e-05,detection_transition,vanishing,5.299002492646416,1.5,4.686136476262645,0.7096949059272344,,
50000,223,0.008542072972012553,5,5000,1.0,0.995,0.0010191569577061908,0.0021902883590724834,0.0,0.0,0.0011902639216926564,0.0010000244373798268,3.106943422302871e-05,0.0011912640917984521,0.000999024267274031,3.114157038698998e-05,0.001338688289703568,0.0008516000693689154,2.1368114635714918e-05,0.0013293837561596316,0.0008609046029128517,2.897649211531e-05,0.001569154880072415,0.0006211334790000683,3.523148615801184e-05,detection_transition,vanishing,7.065336656861888,2.0,6.248181968350194,0.9462598745696458,,
50000,223,0.05,1,5000,0.0812,0.0356,2.669982924950845e-05,0.0011154972405246963,0.0,0.0,0.0010984877751921403,1.700946533255597e-05,4.726486000955474e-06,0.0011250275485532252,-9.530308028528908e-06,3.876802753188316e-06,0.001142161700897449,-2.6664460372752684e-05,7.297098666869294e-06,0.0012362408101159964,-0.00012074356959130028,1.2108644062357303e-05,0.001475385427074047,-0.0003598881865493508,2.0231181223705333e-05,detection_transition,fixed,1.0596634733096073,0.4,2.114569753310117,0.14192062941065106,,
50000,223,0.05,1,5000,0.1578,0.117,4.3625708457047974e-05,0.0011582905272236796,0.0,0.0,0.001116337833677273,4.195269354640649e-05,7.118494237754998e-06,0.0011656527380923634,-7.362210868683616e-06,5.5532143997244375e-06,0.0011560473520846302,2.2431751390494905e-06,8.259047472567732e-06,0.0012478484341324017,-8.955790690872203e-05,1.2867713720915352e-05,0.0014831010379911308,-0.00032481051076745126,2.070716494180803e-05,detection_transition,fixed,1.5894952099644108,0.6,3.171854629965175,0.21288094411597655,,
50000,223,0.05,1,5000,0.233,0.189,7.131069743930496e-05,0.0012138953624093705,0.0,0.0,0.0011478274717620141,6.606789064735633e-05,8.170978958093846e-06,0.0012284982659025335,-1.460290349316299e-05,6.4719874885551864e-06,0.0011989358046047298,1.4959557804640828e-05,9.11734521202159e-06,0.001297985319308952,-8.40899568995817e-05,1.3914015800816609e-05,0.0015435677942260825,-0.0003296724318167118,2.179199531404355e-05,detection_transition,fixed,1.8544110782918126,0.7,3.700497068292704,0.24836110146863932,,
50000,223,0.05,1,5000,0.3734,0.332,0.00010496574810768663,0.0012201914620818771,0.0,0.0,0.00111632979461187,0.00010386166747000734,9.226403954106945e-06,0.0012410798156114113,-2.0888353529534197e-05,7.66509495790663e-06,0.0011639988622171968,5.619259986468037e-05,9.620562244679162e-06,0.001253443959953297,-3.3252497871419655e-05,1.4163536347634755e-05,0.0014952114655755384,-0.0002750200034936612,2.2000859980574257e-05,detection_transition,fixed,2.1193269466192146,0.8,4.229139506620234,0.2838412588213021,,
50000,223,0.05,1,5000,0.6074,0.5604,0.00010546140994744513,0.0012302118456792232,0.0,0.0,0.0011307019433799193,9.950990229930394e-05,1.036984402276897e-05,0.0012845946137311339,-5.4382768051910526e-05,9.623690315444844e-06,0.0011875802744046118,4.263157127461158e-05,1.0394619377553924e-05,0.0012914192728425379,-6.120742716331444e-05,1.5061818462870703e-05,0.0015488313480449829,-0.00031861950236575947,2.3026309186105727e-05,detection_transition,fixed,2.3842428149466164,0.9,4.757781944947762,0.31932141617396487,,
50000,223,0.05,1,5000,0.8588,0.816,0.0001312356628630551,0.0012774746936675076,0.0,0.0,0.0011523051517708714,0.0001251695418966361,1.151321053659414e-05,0.001280946300739296,-3.4716070717883783e-06,1.1091849217820203e-05,0.00119708814639007,8.038654727743749e-05,1.1185681304377593e-05,0.001290890743938477,-1.3416050270969638e-05,1.5635102241648875e-05,0.0015293173492546262,-0.00025184265558711845,2.2843050332985946e-05,detection_transition,fixed,2.649158683274018,1.0,5.286424383275292,0.3548015735266276,,
50000,223,0.05,1,5000,0.983,0.9368,0.00015393638948647814,0.0012921595946684212,0.0,0.0,0.0011442983209173291,0.00014786127375109186,1.2615161352310995e-05,0.0011784314779336783,0.00011372811673474304,1.307453712919839e-05,0.0011892997325656986,0.00010285986210272238,1.2084266451924377e-05,0.001290863849236836,1.2957454315852725e-06,1.640389693776285e-05,0.0015497128630732003,-0.00025755326840477935,2.3299608446907903e-05,detection_transition,fixed,2.9140745516014204,1.1,5.815066821602821,0.3902817308792904,,
50000,223,0.05,1,5000,0.9998,0.9478,0.0001986638147602835,0.0013459968773694162,0.0,0.0,0.0011525217556910404,0.00019347512167837563,1.384680304961083e-05,0.001159776460405218,0.00018622041696419794,1.4812209344678043e-05,0.0012025424166832704,0.00014345446068614556,1.2731983996086503e-05,0.0012989622998650222,4.703457750439387e-05,1.6771040788711922e-05,0.0015500068237653266,-0.0002040099463959108,2.3452007817273716e-05,detection_transition,fixed,3.1789904199288217,1.2,6.34370925993035,0.4257618882319531,,
50000,223,0.05,1,5000,1.0,0.958,0.00024003102382372346,0.0013371756761938935,0.0,0.0,0.0011025648024221696,0.00023461087377172412,1.460075365207005e-05,0.0011076908351566068,0.00022948484103728673,1.5307063943442515e-05,0.0011596350862277346,0.00017754058996615903,1.343195840479624e-05,0.0012586531303866158,7.85225458072779e-05,1.7554330348584454e-05,0.0015156687314422219,-0.0001784930552483283,2.4184277872376314e-05,detection_transition,fixed,3.443906288256224,1.3,6.872351698257879,0.46124204558461596,,
50000,223,0.05,1,5000,1.0,0.9544,0.00030192520173408796,0.0014055524081520072,0.0,0.0,0.001110545333368952,0.0002950070747830553,1.684139871449741e-05,0.001111223643413037,0.0002943287647389701,1.756106836710216e-05,0.0011590315931141208,0.0002465208150378862,1.5666934818444888e-05,0.0012537122153634516,0.00015184019278855558,1.9761071712748417e-05,0.001496002177381028,-9.044976922902098e-05,2.5652145686005412e-05,detection_transition,fixed,3.973738024911027,1.5,7.929636574912937,0.5322023602899414,,
50000,223,0.05,1,5000,1.0,0.9624,0.0005598512528850099,0.001659863370722711,0.0,0.0,0.0011046669932442026,0.0005551963774785083,2.2374144366860473e-05,0.0011101007675091445,0.0005497626032135665,2.282637260515827e-05,0.0011649824162361338,0.0004948809544865773,2.0098898454212744e-05,0.0012627490963029958,0.00039711427441971526,2.38076844815679e-05,0.001520809574052225,0.000139053796670486,2.9059296158103132e-05,detection_transition,fixed,5.298317366548036,2.0,10.572848766550583,0.7096031470532552,,
50000,223,0.05,5,5000,0.0842,0.0436,2.4651691689946437e-05,0.001085805913795114,0.0,0.0,0.0010856131302489826,1.9278354613158944e-07,6.2063745431461234e-06,0.0010916475833496482,-5.841669554533964e-06,3.841670271719702e-06,0.0011164110197082306,-3.060510591311631e-05,6.768611688055585e-06,0.0012108575949164617,-0.00012505168112134739,1.1567156004764494e-05,0.0014563547516438576,-0.0003705488378487436,1.961655778606949e-05,detection_transition,fixed,1.0596634733096073,0.4,0.9371061179401986,0.14192062941065106,,
50000,223,0.05,5,5000,0.1676,0.1256,3.978410696574508e-05,0.0011541115547839592,0.0,0.0,0.001134107154584211,2.000440019974836e-05,8.291055638780037e-06,0.0011704421205479961,-1.6330565764036953e-05,5.344011170993237e-06,0.001163007523075547,-8.895968291587799e-06,7.6635994506928e-06,0.0012563799916068443,-0.000102268436822885,1.2803251001140875e-05,0.001503956289944616,-0.0003498447351606568,2.1075310935626145e-05,detection_transition,fixed,1.5894952099644108,0.6,1.4056591769102977,0.21288094411597655,,
50000,223,0.05,5,5000,0.234,0.1936,8.694975546328835e-05,0.0012097123069818767,0.0,0.0,0.0011443200937790153,6.539221320286152e-05,9.38792071405713e-06,0.001219279725414747,-9.567418432870198e-06,6.7331527560372605e-06,0.0011944397978794906,1.5272509102386122e-05,8.300799290693216e-06,0.0012808357242768047,-7.112341729492805e-05,1.3521666968709987e-05,0.001524805621687341,-0.0003150933147054646,2.1694353135958835e-05,detection_transition,fixed,1.8544110782918126,0.7,1.6399357063953475,0.24836110146863932,,
50000,223,0.05,5,5000,0.3778,0.342,8.750442478572005e-05,0.0011942340996279107,0.0,0.0,0.0011473087975081811,4.6925302119729417e-05,9.951149438370949e-06,0.001241930499745606,-4.7696400117695295e-05,7.785385514502373e-06,0.0011902522713110972,3.981828316813203e-06,8.39802628486344e-06,0.00128542332074812,-9.118922112020942e-05,1.374035193697754e-05,0.0015393546918688302,-0.00034512059224091953,2.2034255480887686e-05,detection_transition,fixed,2.1193269466192146,0.8,1.8742122358803972,0.2838412588213021,,
50000,223,0.05,5,5000,0.603,0.574,0.00010979139432674863,0.001240473946393453,0.0,0.0,0.001152422852736396,8.805109365705683e-05,1.104852259859795e-05,0.0012945963957422724,-5.412244934881967e-05,9.659255767416347e-06,0.0012006411439467548,3.983280244669785e-05,8.703850014128696e-06,0.0012861317274453063,-4.565778105185347e-05,1.3849052036766271e-05,0.0015320474924716788,-0.00029157354607822604,2.1670126889473684e-05,detection_transition,fixed,2.3842428149466164,0.9,2.108488765365447,0.31932141617396487,,
50000,223,0.05,5,5000,0.8628,0.8354,0.00011902573470947088,0.001227188544168743,0.0,0.0,0.0011381200022023141,8.906854196642903e-05,1.2336251093726498e-05,0.0012460158404107248,-1.88272962419815e-05,1.1904686074060087e-05,0.0011615830101193512,6.560553404939216e-05,9.424131372536733e-06,0.00123623099733089,-9.042453162146831e-06,1.4585220468840653e-05,0.0014645981863846843,-0.00023740964221594094,2.2036715932613517e-05,detection_transition,fixed,2.649158683274018,1.0,2.3427652948504964,0.3548015735266276,,
50000,223,0.05,5,5000,0.9858,0.9608,0.00016463384474973397,0.001259715947638594,0.0,0.0,0.0011189660753957668,0.00014074987224282708,1.3458186688283761e-05,0.001144426098253068,0.00011528984938552586,1.3506725651582489e-05,0.0011630128985932692,9.670304904532462e-05,1.0035636006799546e-05,0.0012333586409573275,2.6357306681266274e-05,1.5263252669118222e-05,0.0014635543018834652,-0.00020383835424487123,2.2653124471418566e-05,detection_transition,fixed,2.9140745516014204,1.1,2.5770418243355464,0.3902817308792904,,
50000,223,0.05,5,5000,0.9998,0.9792,0.00021218020078965432,0.0013204319872151325,0.0,0.0,0.0011390225734760821,0.0001814094137390505,1.3998083057710925e-05,0.0011396829398998697,0.00018074904731526297,1.4367389545261597e-05,0.001187255179975043,0.00013317680724008932,1.040833972652512e-05,0.0012464294051751452,7.400258203998723e-05,1.5822515850417295e-05,0.0014748846419090594,-0.000154452654693927,2.320660563572597e-05,detection_transition,fixed,3.1789904199288217,1.2,2.8113183538205955,0.4257618882319531,,
50000,223,0.05,5,5000,1.0,0.9734,0.0002385342189731643,0.0013385788351290813,0.0,0.0,0.0011332185512727964,0.00020536028385628486,1.5017362219181153e-05,0.0011373092145779012,0.00020126962055118014,1.5399039854263383e-05,0.0011886037305671188,0.0001499751045619624,1.083223499226484e-05,0.0012496952224737429,8.888361265533832e-05,1.6380598279748326e-05,0.001481238411197455,-0.00014265957606837383,2.3813866796192945e-05,detection_transition,fixed,3.443906288256224,1.3,3.0455948833056454,0.46124204558461596,,
50000,223,0.05,5,5000,1.0,0.9752,0.000307662908207697,0.001458119017153707,0.0,0.0,0.0011771038165615123,0.0002810152005921948,1.7803411915211374e-05,0.0011795602153503537,0.0002785588018033534,1.831111543114715e-05,0.0012410621560366962,0.00021705686111701076,1.2400383643263706e-05,0.0013006610102986897,0.00015745800685501723,1.82086333374616e-05,0.0015456186898261674,-8.749967267246033e-05,2.5212945446233728e-05,detection_transition,fixed,3.973738024911027,1.5,3.5141479422757445,0.5322023602899414,,
50000,223,0.05,5,5000,1.0,0.976,0.0005191255975087949,0.0016199977044648196,0.0,0.0,0.0011218150559681786,0.000498182648496641,2.271335786670919e-05,0.001125417526832882,0.0004945801776319376,2.3076945297070683e-05,0.0012077849806080695,0.00041221272385675006,1.5406365619695918e-05,0.0012460221346106471,0.0003739755698541725,2.170283361536828e-05,0.0014851212418229465,0.00013487646264187324,2.8032838999474938e-05,detection_transition,fixed,5.298317366548036,2.0,4.685530589700993,0.7096031470532552,,
10000,100,0.011788231063225867,3,5000,0.0426,0.0362,0.0002918850123525138,0.002751857050341257,0.0,0.0,0.002553246600374031,0.00019861044996722648,2.6431764538435898e-05,0.002807688447502142,-5.583139716088501e-05,1.0340872716127352e-05,0.0026781919066470278,7.366514369422954e-05,1.974384381494531e-05,0.0028872749995270098,-0.00013541794918575257,3.202233762574707e-05,0.003503444974160049,-0.0007515879238187916,5.3018330638732884e-05,unequal_factors,,1.6858096764324346,0.5,1.9171839199543457,0.3371619352864869,equal,
10000,100,0.011788231063225867,3,5000,0.0184,0.0056,0.0002586708906661305,0.0027783382722963296,0.0,0.0,0.0025922068959374767,0.0001861313763588531,2.6293592001313233e-05,0.0028065227544313708,-2.8184482135040872e-05,9.54551452698483e-06,0.0026626913188673796,0.00011564695342895029,2.1346986201620153e-05,0.0028548176818378387,-7.647940954150932e-05,3.336502525552639e-05,0.00341977121874348,-0.0006414329464471506,5.168829829234371e-05,unequal_factors,,1.6858096764324346,0.5,1.9171839199543457,0.3371619352864869,spread,
10000,100,0.011788231063225867,3,5000,0.723,0.7164,0.001194422202489086,0.00367081262815192,0.0,0.0,0.0025715741029912424,0.0010992385251606773,4.840315550425912e-05,0.003576884793207261,9.392783494465859e-05,4.019763659013456e-05,0.002803747184092291,0.0008670654440596283,3.271514171224403e-05,0.0028675994599171007,0.0008032131682348184,4.662569584298092e-05,0.0034147723414922567,0.00025604028665966266,6.26068803178304e-05,unequal_factors,,3.3716193528648692,1.0,3.8343678399086913,0.6743238705729738,equal,
10000,100,0.011788231063225867,3,5000,0.052,0.0334,0.0011134010640457969,0.003556747693037323,0.0,0.0,0.0025319875861625034,0.0010247601068748195,4.8089707008699286e-05,0.0035549675546530453,1.7801383842777694e-06,1.6476233742871297e-05,0.002741569745321041,0.0008151779477162819,3.303133454284559e-05,0.0028738748637084223,0.0006828728293289011,4.632464804740308e-05,0.003473769326475069,8.297836656225402e-05,6.247849007992496e-05,unequal_factors,,3.3716193528648692,1.0,3.8343678399086913,0.6743238705729738,spread,
10000,100,0.011788231063225867,3,5000,1.0,0.9938,0.0026004449192780794,0.005080137094201152,0.0,0.0,0.002558195492844331,0.0025219416013568217,7.228002350643705e-05,0.0025608704360039953,0.0025192666581971574,7.266140225099879e-05,0.0029217684550284467,0.0021583686391727056,4.890215007396488e-05,0.002846412267673793,0.00223372482652736,6.559169667824748e-05,0.0033490350501294928,0.00173110204407166,7.944181510431083e-05,unequal_factors,,5.057429029297304,1.5,5.7515517598630375,1.011485805859461,equal,
10000,100,0.011788231063225867,3,5000,0.2176,0.185,0.002632118868577254,0.0051181775436758385,0.0,0.0,0.0025673178573910626,0.0025508596862847763,7.272598933852436e-05,0.005038231124382693,7.994641929314632e-05,4.0898872978500795e-05,0.002891818538356031,0.0022263590053198078,5.090267322586335e-05,0.0028633585954195373,0.0022548189482563016,6.629927069697384e-05,0.003388011344034912,0.0017301661996409266,7.860125586329472e-05,unequal_factors,,5.057429029297304,1.5,5.7515517598630375,1.011485805859461,spread,
10000,100,0.011788231063225867,3,5000,1.0,0.9898,0.007094433508694601,0.009517306591894441,0.0,0.0,0.0025124073223886058,0.007004899269505837,0.00011820749671927494,0.0025183485051871687,0.006998958086707275,0.0001186507992971866,0.0031658912102230877,0.006351415381671354,8.487655369238145e-05,0.00287598766062075,0.006641318931273693,0.00010635288382521834,0.0034321254972382895,0.006085181094656152,0.00011752544490257531,unequal_factors,,8.429048382162174,2.5,9.58591959977173,1.6858096764324348,equal,
10000,100,0.011788231063225867,3,5000,0.9938,0.9862,0.006946472857985083,0.009494152668885252,0.0,0.0,0.0026293589502022685,0.006864793718682982,0.0001208153139361361,0.0027964322338041208,0.006697720435081131,0.00011941894122423932,0.0030993774911601884,0.006394775177725062,9.035003403235866e-05,0.0029001489851517483,0.006594003683733503,0.00011105806960969536,0.0034092801918172923,0.006084872477067959,0.0001223883269831326,unequal_factors,,8.429048382162174,2.5,9.58591959977173,1.6858096764324348,spread,
10000,100,0.011788231063225867,5,5000,0.0346,0.0266,0.00027958802535730615,0.0028866321138620783,0.0,0.0,0.0027088495297453636,0.00017778258411671493,2.8611134351503336e-05,0.00291147151133311,-2.4839397471031363e-05,9.737204312890111e-06,0.0027758872701020222,0.0001107448437600559,2.060712844542489e-05,0.0029292315245052626,-4.259941064318396e-05,3.387564577954325e-05,0.0034775211726709855,-0.0005908890588089066,5.4763790184803255e-05,unequal_factors,,1.6858096764324346,0.5,1.4696548035223969,0.3371619352864869,equal,
10000,100,0.011788231063225867,5,5000,0.0198,0.0028,0.00026962971391521694,0.0028233254479564695,0.0,0.0,0.00267793629448449,0.00014538915347197956,2.9530418533817602e-05,0.002831383961690687,-8.058513734217764e-06,9.90134532242904e-06,0.0027646320398166794,5.869340813978985e-05,2.053660024762841e-05,0.002973951195233813,-0.00015062574727734383,3.328337835127893e-05,0.003585252229337184,-0.0007619267813807147,5.5077373813397284e-05,unequal_factors,,1.6858096764324346,0.5,1.4696548035223969,0.3371619352864869,spread,
10000,100,0.011788231063225867,5,5000,0.7334,0.7268,0.0010757608302449466,0.0035079110525074184,0.0,0.0,0.0025597097046795108,0.0009482013478279078,4.979221820835441e-05,0.0035026677297138875,5.243322793530703e-06,4.130048538709481e-05,0.0027658008178143632,0.0007421102346930546,2.9690711327527753e-05,0.00276440650570756,0.0007435045467998583,4.418304713645647e-05,0.003244349561736729,0.00026356149077068916,6.064101468743031e-05,unequal_factors,,3.3716193528648692,1.0,2.9393096070447937,0.6743238705729738,equal,
10000,100,0.011788231063225867,5,5000,0.0278,0.0114,0.0011187830276506287,0.0035529790595692588,0.0,0.0,0.002572022069246092,0.0009809569903231673,4.9558432747662014e-05,0.003564930679424446,-1.1951619855186696e-05,1.3005066734253592e-05,0.0027743896445738517,0.0007785894149954076,3.07021939567327e-05,0.002818476500612747,0.0007345025589565122,4.505983380845454e-05,0.003319119540089768,0.00023385951947949143,6.18939908351095e-05,unequal_factors,,3.3716193528648692,1.0,2.9393096070447937,0.6743238705729738,spread,
10000,100,0.011788231063225867,5,5000,1.0,0.9942,0.002518175805275281,0.004960811161745712,0.0,0.0,0.002578046377209658,0.0023827647845360536,7.187488334480068e-05,0.0025896356694920996,0.002371175492253612,7.22486168647067e-05,0.003118182637413622,0.0018426285243320897,4.161244162443195e-05,0.0029069907995803806,0.0020538203621653307,5.977124731691962e-05,0.0033532244213900866,0.0016075867403556256,7.588682659261639e-05,unequal_factors,,5.057429029297304,1.5,4.408964410567191,1.011485805859461,equal,
10000,100,0.011788231063225867,5,5000,0.0648,0.0376,0.002577162931266001,0.0050187133024469505,0.0,0.0,0.0025810955013589646,0.002437617801087986,7.212104707216798e-05,0.004968135743950705,5.057755849624491e-05,2.1703306139009754e-05,0.0030062960555729324,0.0020124172468740176,4.483647816069736e-05,0.002849354718670415,0.0021693585837765355,6.212558973148064e-05,0.0033070805340285176,0.001711632768418432,7.747135987605686e-05,unequal_factors,,5.057429029297304,1.5,4.408964410567191,1.011485805859461,spread,
10000,100,0.011788231063225867,5,5000,1.0,0.995,0.0070118182777207235,0.009512730735146795,0.0,0.0,0.002639585434814061,0.006873145300332734,0.00011963708805519418,0.0026545005999675606,0.006858230135179235,0.00011990200389829941,0.003832974788879994,0.005679755946266801,7.394129821366726e-05,0.003081012520046679,0.006431718215100116,0.00010037136444144419,0.0034523041569890127,0.006060426578157782,0.0001181527134032744,unequal_factors,,8.429048382162174,2.5,7.348274017611985,1.6858096764324348,equal,
10000,100,0.011788231063225867,5,5000,0.3578,0.305,0.006925397408414364,0.009384443477211608,0.0,0.0,0.002603111034948884,0.006781332442262723,0.00011915866463673085,0.008319335272945188,0.00106510820426642,7.511065982477594e-05,0.003466150648770261,0.005918292828441346,7.829772507411463e-05,0.0029342825682245693,0.006450160908987038,0.00010182726496374052,0.0033605075951963935,0.0060239358820152146,0.00011618546423037662,unequal_factors,,8.429048382162174,2.5,7.348274017611985,1.6858096764324348,spread,
10000,100,0.011788231063225867,10,5000,0.0398,0.0326,0.0003232534527605475,0.002799028738659021,0.0,0.0,0.0027343214970798877,6.470724157913303e-05,3.464048570688142e-05,0.00282549706733821,-2.646832867918917e-05,1.1854308755146308e-05,0.0027368804107530875,6.214832790593338e-05,1.882498766390621e-05,0.002879383046128742,-8.035430746972153e-05,3.1724350399474176e-05,0.003402507515522022,-0.0006034787768630014,5.225493399293021e-05,unequal_factors,,1.6858096764324346,0.5,1.0114858058594607,0.3371619352864869,equal,
10000,100,0.011788231063225867,10,5000,0.016,0.002,0.00027060958922016544,0.0028191319465465975,0.0,0.0,0.0028581387430004364,-3.9006796453839206e-05,3.3761860671638726e-05,0.0028212037225504014,-2.0717760038039394e-06,8.011159456795842e-06,0.0027976143171323264,2.1517629414270667e-05,2.014901275495929e-05,0.0030025861107400255,-0.00018345416419342824,3.383785496785749e-05,0.003625503518055411,-0.0008063715715088133,5.661327547011745e-05,unequal_factors,,1.6858096764324346,0.5,1.0114858058594607,0.3371619352864869,spread,
10000,100,0.011788231063225867,10,5000,0.7246,0.7238,0.0011287355126193283,0.0035902308707795,0.0,0.0,0.002754648752865333,0.0008355821179141668,5.230852278007589e-05,0.0036033535541217547,-1.3122683342255149e-05,4.374189026824707e-05,0.0030923041763803493,0.0004979266943991506,2.5018564873653112e-05,0.0030391892767824623,0.0005510415939970376,3.9849835522607004e-05,0.0034464241296497293,0.00014380674112977098,5.926941302996493e-05,unequal_factors,,3.3716193528648692,1.0,2.0229716117189214,0.6743238705729738,equal,
10000,100,0.011788231063225867,10,5000,0.0214,0.0046,0.0011675956053427323,0.003696406025260368,0.0,0.0,0.0027942244499413217,0.000902181575319047,5.333286529827882e-05,0.0036859598120693162,1.0446213191052144e-05,1.0238547395289965e-05,0.003018128877189934,0.0006782771480704347,2.6854239130386334e-05,0.002962224481073921,0.0007341815441864471,4.1668042272181166e-05,0.0033791927349819738,0.0003172132902783952,6.0494969902541535e-05,unequal_factors,,3.3716193528648692,1.0,2.0229716117189214,0.6743238705729738,spread,
10000,100,0.011788231063225867,10,5000,0.9998,0.9998,0.00269893904872855,0.005259972414960832,0.0,0.0,0.0028645775803867544,0.002395394834574078,7.57612323680583e-05,0.0028666641397648617,0.0023933082751959704,7.574568312056725e-05,0.0038042365020459898,0.0014557359129148426,3.545250296138234e-05,0.003359878016885027,0.0019000943980758056,5.516098310768105e-05,0.003579604448085753,0.0016803679668750788,7.699209661472882e-05,unequal_factors,,5.057429029297304,1.5,3.0344574175783823,1.011485805859461,equal,
10000,100,0.011788231063225867,10,5000,0.0294,0.0064,0.0026191475940588217,0.0051028952521236055,0.0,0.0,0.002777865659615828,0.0023250295925077774,7.492739594041172e-05,0.005057361459164056,4.553379295954874e-05,1.5749527830605624e-05,0.003439120710565102,0.001663774541558503,3.837963942747169e-05,0.003113175913275391,0.0019897193388482147,5.6829486804268704e-05,0.003469031506816137,0.001633863745307469,7.5787261959483e-05,unequal_factors,,5.057429029297304,1.5,3.0344574175783823,1.011485805859461,spread,
10000,100,0.011788231063225867,10,5000,1.0,1.0,0.0069184785583822775,0.009348718339722674,0.0,0.0,0.0026867188738048027,0.006661999465917871,0.00011971153615050731,0.0026867188738048027,0.006661999465917871,0.00011971153615050731,0.004910283014563107,0.004438435325159566,5.79644554935346e-05,0.003505065469309173,0.005843652870413501,8.632317454124315e-05,0.0033867021006987828,0.0059620162390238915,0.00011175227401229289,unequal_factors,,8.429048382162174,2.5,5.057429029297304,1.6858096764324348,equal,
10000,100,0.011788231063225867,10,5000,0.0602,0.0236,0.007304445897623397,0.009731801269474068,0.0,0.0,0.0027107555938844993,0.007021045675589569,0.00011949179751106883,0.009431894096509463,0.00029990717296460295,3.455888946337934e-05,0.0045692433460179345,0.0051625579234561335,6.383158018392574e-05,0.0033914832336169793,0.006340318035857087,9.048063663732496e-05,0.003458881341817424,0.006272919927656643,0.00011234026241072065,unequal_factors,,8.429048382162174,2.5,5.057429029297304,1.6858096764324348,spread,
50000,223,0.008542072972012553,3,5000,0.0396,0.0298,6.362992627673989e-05,0.0011520912639429082,0.0,0.0,0.0011098194643069026,4.2271799636005694e-05,8.270654195123639e-06,0.0011653606007056908,-1.3269336762782616e-05,3.5631758388833773e-06,0.0011549418571409494,-2.8505931980412534e-06,8.097660412784315e-06,0.0012513266847280114,-9.923542078510302e-05,1.2931190060466577e-05,0.0014977753759229842,-0.0003456841119800758,2.0670912996327083e-05,unequal_factors,,1.766334164215472,0.5,2.025821361450932,0.23656496864241144,equal,
50000,223,0.008542072972012553,3,5000,0.0138,0.0054,6.367456820485586e-05,0.0011999884710729135,0.0,0.0,0.0011547082926213277,4.528017845158543e-05,8.303783240940657e-06,0.0011989296031042328,1.058867968680484e-06,2.5209477834970704e-06,0.001190054240431663,9.934230641250234e-06,8.403532042509549e-06,0.0012806735441843549,-8.06850731114416e-05,1.340419425917688e-05,0.0015210635976561444,-0.00032107512658323135,2.1414570025612075e-05,unequal_factors,,1.766334164215472,0.5,2.025821361450932,0.23656496864241144,spread,
50000,223,0.008542072972012553,3,5000,0.8166,0.811,0.0002561445838599977,0.0013547217134664417,0.0,0.0,0.0011142146886472298,0.00024050702481921186,1.5314672616010977e-05,0.001333795285239762,2.092642822667987e-05,1.3304979590132474e-05,0.0011660070224344483,0.00018871469103199336,1.2084136495971164e-05,0.0012333617383357422,0.00012135997513069951,1.7262708742202715e-05,0.001463451622928962,-0.00010872990946252009,2.394380033733136e-05,unequal_factors,,3.532668328430944,1.0,4.051642722901864,0.4731299372848229,equal,
50000,223,0.008542072972012553,3,5000,0.047,0.0308,0.0002410242181941933,0.0013193981011189219,0.0,0.0,0.001096124920777728,0.0002232731803411941,1.5183502055024985e-05,0.0013341110294393759,-1.4712928320453991e-05,4.956962319468288e-06,0.0011338421961551227,0.00018555590496379927,1.197806268072828e-05,0.0012026804414081622,0.00011671765971075967,1.6818473436492837e-05,0.0014237834306994254,-0.00010438532958050332,2.3271951610284897e-05,unequal_factors,,3.532668328430944,1.0,4.051642722901864,0.4731299372848229,spread,
50000,223,0.008542072972012553,3,5000,1.0,0.9924,0.0005770128003171982,0.0017496661810630493,0.0,0.0,0.0011908035543138193,0.0005588626267492299,2.3222309285587384e-05,0.0011951556152742235,0.0005545105657888258,2.3406454705503453e-05,0.0012693116587026527,0.00048035452236039664,1.7604130719725337e-05,0.0013183003937753976,0.00043136578728765116,2.3462846298248708e-05,0.0015473850878035887,0.00020228109325946044,2.923507447327769e-05,unequal_factors,,5.299002492646416,1.5,6.077464084352796,0.7096949059272344,equal,
50000,223,0.008542072972012553,3,5000,0.1916,0.1634,0.0005928439478825085,0.0017319990573371818,0.0,0.0,0.0011500205187806713,0.0005819785385565107,2.2923768131327835e-05,0.0017119668155718636,2.0032241765318395e-05,1.1960926000974358e-05,0.0012219950788610425,0.0005100039784761394,1.7793685017809997e-05,0.0012740447557519712,0.00045795430158521063,2.311844556186202e-05,0.0015052450239353224,0.00022675403340185967,2.875253595363352e-05,unequal_factors,,5.299002492646416,1.5,6.077464084352796,0.7096949059272344,spread,
50000,223,0.008542072972012553,3,5000,1.0,0.995,0.0015995249161057036,0.002686727948048356,0.0,0.0,0.0010984783772099679,0.0015882495708383882,3.710200079554485e-05,0.0010983566161431287,0.0015883713319052274,3.7149289238629093e-05,0.0012271296644630536,0.0014595982835853025,2.888933067201074e-05,0.0012521767361239756,0.0014345512119243804,3.5396061600501174e-05,0.0015080179543479476,0.0011787099937004082,3.969271325604943e-05,unequal_factors,,8.83167082107736,2.5,10.12910680725466,1.1828248432120572,equal,
50000,223,0.008542072972012553,3,5000,1.0,0.9946,0.001607023802282054,0.0027262967399367547,0.0,0.0,0.001137727951227301,0.0015885687887094535,3.755089031360314e-05,0.0011376275920637181,0.0015886691478730365,3.7686854540878005e-05,0.001251936569691568,0.0014743601702451867,2.9969538922199392e-05,0.0012838178657493093,0.0014424788741874452,3.609015716681274e-05,0.001529776574044346,0.0011965201658924085,4.015403853410257e-05,unequal_factors,,8.83167082107736,2.5,10.12910680725466,1.1828248432120572,spread,
50000,223,0.008542072972012553,5,5000,0.0352,0.0278,5.37220317098488e-05,0.0011821496901652313,0.0,0.0,0.001148448927058065,3.370076310716629e-05,8.835789652455707e-06,0.001190775352219111,-8.625662053879802e-06,3.1366753515921294e-06,0.0011758302265921436,6.3194635730877095e-06,7.954701755606858e-06,0.0012611311540453257,-7.898146388009456e-05,1.3071078768934427e-05,0.0014981737655371168,-0.0003160240753718855,2.113611929114753e-05,unequal_factors,,1.766334164215472,0.5,1.5620454920875484,0.23656496864241144,equal,
50000,223,0.008542072972012553,5,5000,0.0138,0.0026,5.1735283025632375e-05,0.0012046517234235812,0.0,0.0,0.0011846293185953818,2.002240482819933e-05,8.77261349594677e-06,0.001210706660804587,-6.054937381005818e-06,2.428225914405918e-06,0.0012097279282390365,-5.0762048154550125e-06,8.127732896509222e-06,0.001303417197974284,-9.87654745507028e-05,1.3247501398663842e-05,0.0015482008283993686,-0.0003435491049757874,2.1468847906554832e-05,unequal_factors,,1.766334164215472,0.5,1.5620454920875484,0.23656496864241144,spread,
50000,223,0.008542072972012553,5,5000,0.8272,0.8222,0.00024213274396013248,0.0013861873309270827,0.0,0.0,0.0011617664988585214,0.0002244208320685614,1.587750570344725e-05,0.0013653275915018015,2.085973942528121e-05,1.3925140256185526e-05,0.001227029511977972,0.0001591578189491108,1.161185186462661e-05,0.0012975463878963974,8.864094303068542e-05,1.758476519610137e-05,0.0015476594291109263,-0.0001614720981838435,2.555264348073948e-05,unequal_factors,,3.532668328430944,1.0,3.124090984175097,0.4731299372848229,equal,
50000,223,0.008542072972012553,5,5000,0.0252,0.0092,0.0002447119123562561,0.0013545660593811569,0.0,0.0,0.0011423232344851062,0.00021224282489605065,1.5863835456289914e-05,0.0013608131255160804,-6.247066134923304e-06,3.385510599702609e-06,0.0011927298166358711,0.00016183624274528587,1.1907567972896667e-05,0.0012645708733010983,8.999518608005847e-05,1.7446111479798736e-05,0.0015097878461349493,-0.00015522178675379252,2.4762552743522754e-05,unequal_factors,,3.532668328430944,1.0,3.124090984175097,0.4731299372848229,spread,
50000,223,0.008542072972012553,5,5000,1.0,0.9956,0.0005590461558000102,0.0016831980508391136,0.0,0.0,0.0011535545678403596,0.0005296434829987545,2.290744687998025e-05,0.0011527256199505424,0.0005304724308885715,2.2978613649581605e-05,0.0012469942820876642,0.0004362037687514496,1.5512615885437603e-05,0.0012688863815198865,0.00041431166931922726,2.1832930639908073e-05,0.001489037072800078,0.0001941609780390361,2.807292766244726e-05,unequal_factors,,5.299002492646416,1.5,4.686136476262645,0.7096949059272344,equal,
50000,223,0.008542072972012553,5,5000,0.0518,0.0286,0.0005520935609101964,0.0016694310272951064,0.0,0.0,0.0011357071934030166,0.0005337238338920898,2.2951297884016784e-05,0.0016539187301188405,1.5512297176265702e-05,6.6680914711773795e-06,0.0012121841682843364,0.0004572468590107702,1.6234281087246863e-05,0.001253927397160111,0.00041550363013499557,2.214922423101624e-05,0.0014907026702460188,0.0001787283570490877,2.8157126961850516e-05,unequal_factors,,5.299002492646416,1.5,4.686136476262645,0.7096949059272344,spread,
50000,223,0.008542072972012553,5,5000,1.0,0.9962,0.0015609987422993458,0.00268693819319743,0.0,0.0,0.0011511270419495168,0.001535811151247913,3.800886572432195e-05,0.0011505142397751603,0.0015364239534222698,3.807156457786094e-05,0.0013362513085410591,0.001350686884656371,2.6268756178581452e-05,0.0012858474575293058,0.0014010907356681243,3.455504434010644e-05,0.0015029892056827958,0.001183948987514634,4.005672629997344e-05,unequal_factors,,8.83167082107736,2.5,7.8102274604377415,1.1828248432120572,equal,
50000,223,0.008542072972012553,5,5000,0.3716,0.3048,0.001529941243990058,0.0026485673944129126,0.0,0.0,0.0011434742169503958,0.0015050931774625166,3.790006137551898e-05,0.002422053890169973,0.00022651350424293922,2.358524358336494e-05,0.0012772665925930937,0.0013713008018198189,2.7790577126297198e-05,0.0012706175781555052,0.0013779498162574072,3.5461476498206206e-05,0.001514681447235742,0.00113388594717717,4.075743525170713e-05,unequal_factors,,8.83167082107736,2.5,7.8102274604377415,1.1828248432120572,spread,
50000,223,0.008542072972012553,10,5000,0.0402,0.0324,6.228800286763888e-05,0.0011801814053137415,0.0,0.0,0.0011790753186155267,1.1060866982146006e-06,1.0228806721779452e-05,0.0011875341529442426,-7.352747630501139e-06,3.0045637294242903e-06,0.0011939705173464093,-1.3789112032667714e-05,7.675532797573838e-06,0.0012841075159202033,-0.00010392611060646169,1.299914204856793e-05,0.0015343814636366738,-0.00035420005832293236,2.1452256023111878e-05,unequal_factors,,1.766334164215472,0.5,1.0917928226001135,0.23656496864241144,equal,
50000,223,0.008542072972012553,10,5000,0.013,0.001,6.249052224506304e-05,0.0012060021134235658,0.0,0.0,0.0012071143163830372,-1.1122029594714367e-06,1.0054833450851466e-05,0.0012082110235118577,-2.2089100882920382e-06,1.8179930449079623e-06,0.0012130940364727548,-7.091923049188989e-06,7.8219877590268e-06,0.001301266172797299,-9.526405937373333e-05,1.3033373659661611e-05,0.0015398139879393518,-0.0003338118745157862,2.131124644134189e-05,unequal_factors,,1.766334164215472,0.5,1.0917928226001135,0.23656496864241144,spread,
50000,223,0.008542072972012553,10,5000,0.808,0.8076,0.00025602889060273977,0.0013671849190057183,0.0,0.0,0.0011697511337708363,0.00019743378523488203,1.6501165205181166e-05,0.001372618896671274,-5.43397766555568e-06,1.4438533282598373e-05,0.001230114534193339,0.00013707038481237946,1.0416912440144841e-05,0.0012759390815956098,9.124583741010846e-05,1.6587900517471168e-05,0.0015066933089166272,-0.00013950838991090878,2.499157043597525e-05,unequal_factors,,3.532668328430944,1.0,2.183585645200227,0.4731299372848229,equal,
50000,223,0.008542072972012553,10,5000,0.0162,0.0036,0.00024433334342528675,0.0013627967316732755,0.0,0.0,0.0011679573800014676,0.00019483935167180784,1.6612578397632618e-05,0.0013646005486766452,-1.803817003369811e-06,2.7507738947974865e-06,0.0012190333328803166,0.00014376339879295887,1.088140130982452e-05,0.0012795320802712325,8.326465140204294e-05,1.662306374567666e-05,0.001516001977563725,-0.00015320524589044958,2.392546546730985e-05,unequal_factors,,3.532668328430944,1.0,2.183585645200227,0.4731299372848229,spread,
50000,223,0.008542072972012553,10,5000,1.0,1.0,0.0005579704722153402,0.001687022893149243,0.0,0.0,0.0011822571094875043,0.0005047657836617389,2.3618605102223302e-05,0.0011822571094875043,0.0005047657836617389,2.3618605102223302e-05,0.0013265435537116452,0.00036047933943759774,1.3310047407831031e-05,0.0013210159682484424,0.00036600692490080085,2.022044340447335e-05,0.0015420355324350255,0.0001449873607142176,2.8030849531325475e-05,unequal_factors,,5.299002492646416,1.5,3.27537846780034,0.7096949059272344,equal,
50000,223,0.008542072972012553,10,5000,0.0246,0.0044,0.0005589364252548741,0.0017076013825510338,0.0,0.0,0.0012087239063698233,0.0004988774761812106,2.3691203390962432e-05,0.001697115896012285,1.0485486538749063e-05,4.79256338781831e-06,0.0012949702809075744,0.0004126311016434593,1.4571550735864041e-05,0.001291817436015517,0.0004157839465355167,2.1260243612917213e-05,0.0014952751654858944,0.00021232621706513956,2.8189235606458348e-05,unequal_factors,,5.299002492646416,1.5,3.27537846780034,0.7096949059272344,spread,
50000,223,0.008542072972012553,10,5000,1.0,1.0,0.0015503575603514196,0.0026398290308326865,0.0,0.0,0.0011386598922916043,0.0015011691385410824,3.793963088040486e-05,0.0011386598922916043,0.0015011691385410824,3.793963088040486e-05,0.0014697302799284127,0.001170098750904274,2.1634431100664837e-05,0.0012984416582644152,0.0013413873725682717,3.110122857558567e-05,0.0014732258041174617,0.001166603226715225,3.891349350947699e-05,unequal_factors,,8.83167082107736,2.5,5.458964113000567,1.1828248432120572,equal,
50000,223,0.008542072972012553,10,5000,0.0552,0.0172,0.0015493561712654287,0.002677102377072896,0.0,0.0,0.001177684941288237,0.0014994174357846589,3.785415414337936e-05,0.002607156460362057,6.994591671083918e-05,9.398962198136562e-06,0.0014344172846426327,0.0012426850924302636,2.345434739018694e-05,0.0013211074087161945,0.0013559949683567018,3.23981721814513e-05,0.0015246248325169595,0.0011524775445559366,3.9476659599847756e-05,unequal_factors,,8.83167082107736,2.5,5.458964113000567,1.1828248432120572,spread,
10000,100,0.011788231063225867,1,5000,0.0126,0.0014,0.0,0.00258254559933401,0.0,0.0,0.0025995668819870353,-1.7021282653025553e-05,7.605635863320834e-06,0.0025911186862104026,-8.57308687639236e-06,6.0263033256598695e-06,0.0027154105862993707,-0.00013286498696536068,1.670560109664107e-05,0.00296452881095306,-0.0003819832116190502,2.9882725114382505e-05,0.0035883256924952606,-0.0010057800931612497,5.32847192584141e-05,second_order,,0.0,0.0,0.0,0.0,,2.0
10000,100,0.011788231063225867,1,5000,0.0466,0.0356,0.0003936781944345651,0.0029701592451930633,0.0,0.0,0.0026111870369734573,0.000358972208219606,2.5270140849230364e-05,0.0030073901040809127,-3.723085888784924e-05,1.091792336625474e-05,0.002754826784619307,0.0002153324605737563,2.3483113794641833e-05,0.0029494946695358434,2.066457565721989e-05,3.485354745545453e-05,0.003522628044986735,-0.0005524687997936717,5.449445098224954e-05,second_order,,1.6858096764324346,0.5,3.3547188988060967,0.3371619352864869,,2.0
10000,100,0.011788231063225867,1,5000,1.0,0.991,0.0028001337552477808,0.005377323795146999,0.0,0.0,0.0026022644408249204,0.002775059354322079,7.292940533872781e-05,0.002609335160348011,0.0027679886347989884,7.358325847730329e-05,0.0028138454304603732,0.0025634783646866256,6.189097788836221e-05,0.0029749748097709066,0.0024023489853760927,7.173206926021163e-05,0.003575492404281588,0.0018018313908654115,8.13690487892002e-05,second_order,,5.057429029297304,1.5,10.06415669641829,1.011485805859461,,2.0
10000,100,0.011788231063225867,5,5000,0.0126,0.001,0.0,0.00260016415506582,0.0,0.0,0.002729712819718056,-0.00012954866465223668,1.7399805783059838e-05,0.002611348720119475,-1.1184565053656038e-05,6.562213961947183e-06,0.002771226476108869,-0.00017106232104304882,1.719479189228044e-05,0.0030379549610178784,-0.00043779080595205853,3.086509028461974e-05,0.0036764835106234245,-0.0010763193555576047,5.495952346778536e-05,second_order,,0.0,0.0,0.0,0.0,,2.0
10000,100,0.011788231063225867,5,5000,0.04,0.03,0.0004163089309255991,0.002924634289838864,0.0,0.0,0.0026079113900257618,0.00031672289981310225,2.8113175191307913e-05,0.0029407996100315327,-1.616532019266845e-05,1.066664143030979e-05,0.0028118005741805292,0.00011283371565833502,1.942079230763727e-05,0.002971001543036863,-4.636725319799874e-05,3.1979285082630334e-05,0.003544443893990981,-0.0006198096041521166,5.2112423322584274e-05,second_order,,1.6858096764324346,0.5,1.4696548035223969,0.3371619352864869,,2.0
10000,100,0.011788231063225867,5,5000,1.0,0.9954,0.0027542440989799305,0.005227521318558749,0.0,0.0,0.002624542244823564,0.002602979073735186,7.192940652124415e-05,0.0026226989118845736,0.002604822406674176,7.241816069286239e-05,0.0033184355062326277,0.001909085812326122,4.129526226667682e-05,0.003057384529160496,0.0021701367893982534,5.938734112388073e-05,0.0034917670456941666,0.001735754272864584,7.669441683023193e-05,second_order,,5.057429029297304,1.5,4.408964410567191,1.011485805859461,,2.0
10000,100,0.011788231063225867,1,5000,0.0098,0.001,0.0,0.0040649679322681195,0.0,0.0,0.004109452678898922,-4.4484746630803085e-05,9.866323549371955e-06,0.004050750223963868,1.4217708304251236e-05,5.719867456629866e-06,0.004567026931864498,-0.0005020589995963794,2.6408357050470992e-05,0.005140212586439441,-0.0010752446541713219,4.8726770674098425e-05,0.00634241165012588,-0.002277443717857761,8.877759482159143e-05,second_order,,0.0,0.0,0.0,0.0,,1.0
10000,100,0.011788231063225867,1,5000,0.0276,0.0194,0.0015272989139672151,0.005601123544145774,0.0,0.0,0.00414564672537416,0.0014554768187716135,2.5424718492718594e-05,0.005535515660825158,6.560788332061558e-05,1.2900228247653049e-05,0.0050626151262501435,0.00053850841789563,2.9372853058128282e-05,0.005401659538950868,0.00019946400519490551,4.9029311003701844e-05,0.006586425022893264,-0.0009853014787474888,8.886647772116612e-05,second_order,,1.6858096764324346,0.5,3.3547188988060967,0.3371619352864869,,1.0
10000,100,0.011788231063225867,1,5000,1.0,0.9924,0.006132790458531116,0.01002568268664702,0.0,0.0,0.003942667059797227,0.006083015626849793,7.356867509592106e-05,0.003928749561691997,0.006096933124955023,7.435721557946263e-05,0.005045747323694801,0.004979935362952218,6.203272794804745e-05,0.005080192984898251,0.0049454897017487676,7.320820965409356e-05,0.006095407081167593,0.003930275605479426,9.435210355625113e-05,second_order,,5.057429029297304,1.5,10.06415669641829,1.011485805859461,,1.0
10000,100,0.011788231063225867,5,5000,0.0084,0.0004,0.0,0.004012297332710673,0.0,0.0,0.0042864598256450535,-0.0002741624929343813,2.320705453253649e-05,0.003999581235927076,1.271609678359697e-05,5.899381735290215e-06,0.004575299724031103,-0.0005630023913204303,2.6068056259165734e-05,0.005196064181038897,-0.0011837668483282234,4.837161076401323e-05,0.00645612584730289,-0.002443828514592218,8.871345348172262e-05,second_order,,0.0,0.0,0.0,0.0,,1.0
10000,100,0.011788231063225867,5,5000,0.029,0.0244,0.0015018162699496657,0.005571855040923607,0.0,0.0,0.004335944916851495,0.0012359101240721128,3.1695733707545844e-05,0.005541676131190176,3.0178909733431475e-05,8.784515186484969e-06,0.005425804946594034,0.0001460500943295738,2.976761181771355e-05,0.005668725180001333,-9.687013907772541e-05,5.099317303109395e-05,0.006646301324929066,-0.0010744462840054578,8.862009668822587e-05,second_order,,1.6858096764324346,0.5,1.4696548035223969,0.3371619352864869,,1.0
10000,100,0.011788231063225867,5,5000,0.9994,0.9952,0.006240361712032984,0.010353628714018393,0.0,0.0,0.004407335267311577,0.005946293446706816,7.589347931384588e-05,0.004405244459182671,0.005948384254835721,7.623330733040157e-05,0.0071214349920958285,0.003232193721922564,4.8718497000099573e-05,0.006315363053777219,0.004038265660241173,7.04173244488617e-05,0.006737850172132758,0.0036157785418856336,9.92426120201212e-05,second_order,,5.057429029297304,1.5,4.408964410567191,1.011485805859461,,1.0
10000,100,0.011788231063225867,1,5000,0.004,0.0006,0.0,0.034140867872429655,0.0,0.0,0.034643885468057314,-0.0005030175956276527,2.974735797362563e-05,0.034091419983823236,4.9447888606422165e-05,1.2835328008096716e-05,0.03961521420011936,-0.005474346327689704,0.00010680366708159325,0.044176921409492226,-0.010036053537062575,0.0002011374215445861,0.05160837339896774,-0.017467505526538075,0.00037075474048488293,second_order,,0.0,0.0,0.0,0.0,,0.5
10000,100,0.011788231063225867,1,5000,0.0076,0.0038,0.006130868802104303,0.04022040727850897,0.0,0.0,0.0345897379134762,0.00563066936503277,3.9201080976185934e-05,0.04010599875558483,0.00011440852292414037,2.0268303482110515e-05,0.041251303148806394,-0.0010308958702974177,0.00010242010015523613,0.04460116731653278,-0.00438076003802382,0.00018883047776225897,0.05159039781592233,-0.011369990537413367,0.00035254184002507033,second_order,,1.6858096764324346,0.5,3.3547188988060967,0.3371619352864869,,0.5
10000,100,0.011788231063225867,1,5000,0.9238,0.921,0.020099698636965237,0.054114806685721155,0.0,0.0,0.03451667722361084,0.019598129462110318,9.123388236522403e-05,0.03652464114967757,0.017590165536043582,0.00011208419345163627,0.04199664258519796,0.012118164100523205,0.00011184758895344648,0.04420022261956372,0.00991458406615744,0.000183094726092782,0.05068736327881039,0.003427443406910767,0.00033583362140084165,second_order,,5.057429029297304,1.5,10.06415669641829,1.011485805859461,,0.5
10000,100,0.011788231063225867,5,5000,0.0034,0.0004,0.0,0.033727952145930704,0.0,0.0,0.035861407809821694,-0.002133455663890987,7.299359774513113e-05,0.03369355626043677,3.439588549393932e-05,9.65023452435388e-06,0.03904717395088252,-0.005319221804951814,0.000105724844975801,0.0435061495255667,-0.009778197379635995,0.00019946076375795065,0.05082782365932721,-0.017099871513396505,0.00036998992760019363,second_order,,0.0,0.0,0.0,0.0,,0.5
10000,100,0.011788231063225867,5,5000,0.0114,0.0076,0.006114074180497823,0.03982964956695325,0.0,0.0,0.03587823603064786,0.003951413536305383,7.197589684310648e-05,0.03965833480016148,0.00017131476679176956,2.542008537689793e-05,0.042204608249815145,-0.0023749586828618967,0.00010709884324395002,0.044889345848960725,-0.005059696282007479,0.0001944617714200123,0.05059502779793738,-0.010765378230984127,0.0003513220216145538,second_order,,1.6858096764324346,0.5,1.4696548035223969,0.3371619352864869,,0.5
10000,100,0.011788231063225867,5,5000,0.9074,0.9042,0.020098416536096782,0.05435226275081523,0.0,0.0,0.03648404888539129,0.01786821386542392,0.00010352918221669432,0.0385049402510316,0.015847322499783618,0.00011976087436876431,0.04826776675307466,0.006084495997740551,0.00012223421106278342,0.047744622120538455,0.006607640630276768,0.00020415752202079953,0.05207866796049936,0.0022735947903158448,0.000357615494493849,second_order,,5.057429029297304,1.5,4.408964410567191,1.011485805859461,,0.5
50000,223,0.008542072972012553,1,5000,0.008,0.0014,0.0,0.001111311729304469,0.0,0.0,0.001117559479031053,-6.247749726584058e-06,2.1845609720620288e-06,0.0011130113994042175,-1.6996700997482613e-06,1.2756792435109967e-06,0.0011642720448881178,-5.296031558364861e-05,6.819409185492368e-06,0.0012664826443125664,-0.0001551709150080974,1.218666183790509e-05,0.0015250727555502935,-0.0004137610262458242,2.1486506552548758e-05,second_order,,0.0,0.0,0.0,0.0,,2.0
50000,223,0.008542072972012553,1,5000,0.0372,0.0296,7.874204103164224e-05,0.0012099503939114928,0.0,0.0,0.0011344878679145638,7.546252599692889e-05,7.86368079094032e-06,0.0012104090576787237,-4.586637672308269e-07,3.2784807679427013e-06,0.0011990280133757092,1.0922380535783778e-05,8.729026387066987e-06,0.00130153108180088,-9.158068788938718e-05,1.3558991955816964e-05,0.0015584989458757477,-0.0003485485519642548,2.2138487027271814e-05,second_order,,1.766334164215472,0.5,3.524738647660319,0.23656496864241144,,2.0
50000,223,0.008542072972012553,1,5000,1.0,0.9924,0.0006303962404733259,0.0017725323229924824,0.0,0.0,0.0011474730714129348,0.0006250592515795475,2.2855821049683222e-05,0.0011489734637905962,0.0006235588592018864,2.3050204183953553e-05,0.0012083247927244108,0.0005642075302680716,2.0680594171543992e-05,0.0012990095385252063,0.000473522784467276,2.4425931044932168e-05,0.0015596942163879617,0.0002128381066045206,2.988001725694457e-05,second_order,,5.299002492646416,1.5,10.574215942980956,0.7096949059272344,,2.0
50000,223,0.008542072972012553,5,5000,0.0102,0.001,0.0,0.0011216116851249214,0.0,0.0,0.0011331699911801864,-1.1558306055264755e-05,5.025198162927661e-06,0.0011226228164035036,-1.0111312785820115e-06,2.0199201399098216e-06,0.0011697763767939617,-4.8164691669040295e-05,6.82904517937817e-06,0.0012668148844394392,-0.00014520319931451766,1.200461838414568e-05,0.0015092106305234646,-0.0003875989453985431,2.078493707389196e-05,second_order,,0.0,0.0,0.0,0.0,,2.0
50000,223,0.008542072972012553,5,5000,0.0388,0.0324,7.381447462494351e-05,0.001212405743823593,0.0,0.0,0.0011711711406517686,4.1234603171824416e-05,9.107143137133264e-06,0.0012200629712166068,-7.657227393013829e-06,3.283393433324399e-06,0.001211664754784982,7.409890386108536e-07,8.24372704778166e-06,0.001301388228323155,-8.898248449956203e-05,1.3619889233241135e-05,0.0015484498695959616,-0.00033604412577236867,2.231419531819039e-05,second_order,,1.766334164215472,0.5,1.5620454920875484,0.23656496864241144,,2.0
50000,223,0.008542072972012553,5,5000,1.0,0.9978,0.0006089101926018026,0.0016919825775906204,0.0,0.0,0.0011090970981740764,0.0005828854794165438,2.267790151932639e-05,0.0011086546621407282,0.0005833279154498923,2.2736187777676496e-05,0.0012373079923905885,0.0004546745852000319,1.5390693801059108e-05,0.0012647541215499369,0.00042722845604068366,2.1680750958864323e-05,0.0015181528170293518,0.00017382976056126855,2.850557961744655e-05,second_order,,5.299002492646416,1.5,4.686136476262645,0.7096949059272344,,2.0
50000,223,0.008542072972012553,1,5000,0.0064,0.001,0.0,0.0017517961548121081,0.0,0.0,0.0017601866596699501,-8.390504857841967e-06,2.7813417177300822e-06,0.0017483942503698745,3.401904442233715e-06,1.5072783893332262e-06,0.0019355783671849017,-0.0001837822123727938,1.00135752400288e-05,0.0021503439719763678,-0.0003985478171642594,1.815491144738365e-05,0.002598341738984592,-0.0008465455841724834,3.2344836753391694e-05,second_order,,0.0,0.0,0.0,0.0,,1.0
50000,223,0.008542072972012553,1,5000,0.0286,0.021,0.00044297915436302554,0.0022175437804807696,0.0,0.0,0.001788928333326998,0.0004286154471537717,7.977178039374474e-06,0.002202725979524567,1.4817800956202793e-05,2.9215293242348958e-06,0.002076029775978948,0.00014151400450182207,1.1090208139619745e-05,0.002230078985697055,-1.2535205216285521e-05,1.8698770009189656e-05,0.0026783263348683886,-0.0004607825543876188,3.322976898581807e-05,second_order,,1.766334164215472,0.5,3.524738647660319,0.23656496864241144,,1.0
50000,223,0.008542072972012553,1,5000,1.0,0.9964,0.001671886306214497,0.0033868715170547858,0.0,0.0,0.0017273366469694657,0.0016595348700853198,2.2959915497315762e-05,0.0017263931865873871,0.0016604783304673984,2.299755785525118e-05,0.0020741878455268928,0.0013126836715278926,2.0388309269291168e-05,0.0021699879320563,0.0012168835849984856,2.489032679067788e-05,0.0025954517131493633,0.0007914198039054225,3.468066195695893e-05,second_order,,5.299002492646416,1.5,10.574215942980956,0.7096949059272344,,1.0
50000,223,0.008542072972012553,5,5000,0.0058,0.0004,0.0,0.0018052770066264486,0.0,0.0,0.0018468012014924344,-4.152419486598608e-05,6.330746519524684e-06,0.001802792859244696,2.4841473817525933e-06,1.2234134175410297e-06,0.00198086807884939,-0.00017559107222294147,1.0476172620125562e-05,0.0021919866772007884,-0.0003867096705743402,1.892349590551951e-05,0.00263977727767403,-0.0008345002710475818,3.356203534099291e-05,second_order,,0.0,0.0,0.0,0.0,,1.0
50000,223,0.008542072972012553,5,5000,0.0312,0.0248,0.0004493564853151403,0.0022679648597244205,0.0,0.0,0.0018733244448671102,0.00039464041485731026,9.643253143649562e-06,0.0022463035723718017,2.1661287352618884e-05,3.515127936420795e-06,0.00222160680818554,4.635805153888084e-05,1.1215820500321774e-05,0.0023444743906299217,-7.650953090550118e-05,1.930522327516765e-05,0.0027508773154784573,-0.0004829124557540366,3.353413384136254e-05,second_order,,1.766334164215472,0.5,1.5620454920875484,0.23656496864241144,,1.0
50000,223,0.008542072972012553,5,5000,1.0,0.9962,0.0016599317197351447,0.003396242766256522,0.0,0.0,0.0017840098313367746,0.0016122329349197474,2.3681183461578092e-05,0.0017833452613956328,0.0016128975048608893,2.3742501983642236e-05,0.002440864746538102,0.0009553780197184199,1.7280773961626122e-05,0.0023149680739052774,0.0010812746923512442,2.4637979926882844e-05,0.0025931474268371863,0.0008030953394193354,3.510607578478961e-05,second_order,,5.299002492646416,1.5,4.686136476262645,0.7096949059272344,,1.0
50000,223,0.008542072972012553,1,5000,0.003,0.0,0.0,0.019139877725832824,0.0,0.0,0.01927830424548941,-0.00013842651965658627,9.233597958014312e-06,0.01912806717661584,1.1810549216985808e-05,3.2743779901041816e-06,0.021725324936129192,-0.002585447210296369,4.5301393845425604e-05,0.02377124541741134,-0.004631367691578518,8.333223550051393e-05,0.02688125860224351,-0.0077413808764106844,0.00014756098511303997,second_order,,0.0,0.0,0.0,0.0,,0.5
50000,223,0.008542072972012553,1,5000,0.0096,0.0062,0.002164137723752429,0.021409872123306285,0.0,0.0,0.019378150186265448,0.0020317219370408397,1.259693215613151e-05,0.02135521669273908,5.465543056720421e-05,8.840427229000975e-06,0.022298844544022343,-0.0008889724207160583,4.477749036206555e-05,0.023975015507086986,-0.0025651433837806993,8.137056123186044e-05,0.02701212987319211,-0.005602257749885825,0.00014591040679186223,second_order,,1.766334164215472,0.5,3.524738647660319,0.23656496864241144,,0.5
50000,223,0.008542072972012553,1,5000,0.999,0.9958,0.006812139165072778,0.025708292173505544,0.0,0.0,0.019015751171957494,0.006692541001548048,2.7976805092683517e-05,0.019011102004304017,0.0066971901692015265,2.8406181330821684e-05,0.02218029283667655,0.0035279993368289935,4.322220116938372e-05,0.023544452445648307,0.002163839727857238,7.513969573641039e-05,0.026426883095947686,-0.0007185909224421455,0.00013565904195855148,second_order,,5.299002492646416,1.5,10.574215942980956,0.7096949059272344,,0.5
50000,223,0.008542072972012553,5,5000,0.0038,0.0008,0.0,0.01905601110038422,0.0,0.0,0.019672746527289415,-0.000616735426905195,2.201344358239642e-05,0.019042442169599987,1.3568930784231423e-05,3.5568122924665022e-06,0.021613924762235667,-0.0025579136618514462,4.5262749846140226e-05,0.023642221049724587,-0.004586209949340367,8.334896850377494e-05,0.02672385689974351,-0.007667845799359294,0.00014713020210610665,second_order,,0.0,0.0,0.0,0.0,,0.5
50000,223,0.008542072972012553,5,5000,0.0084,0.0056,0.002169261744688602,0.02152872663207777,0.0,0.0,0.019985795478884193,0.0015429311531935767,2.2783200147399995e-05,0.021485878778031053,4.284785404671901e-05,7.1646788388807295e-06,0.022882992271232305,-0.0013542656391545347,4.65817036589155e-05,0.024380112246042775,-0.002851385613965006,8.430906753629895e-05,0.02719727548523248,-0.0056685488531547056,0.00014920074776903928,second_order,,1.766334164215472,0.5,1.5620454920875484,0.23656496864241144,,0.5
50000,223,0.008542072972012553,5,5000,0.9996,0.9968,0.006823475469001798,0.02575381419474778,0.0,0.0,0.01952189048751115,0.006231923707236628,3.191577030306457e-05,0.019510786973029666,0.00624302722171811,3.217816854688538e-05,0.023757891389869213,0.001995922804878566,4.7037560857974e-05,0.02413597805693998,0.0016178361378078002,7.953178878778049e-05,0.026393621566296856,-0.0006398073715490741,0.00013885762128811814,second_order,,5.299002492646416,1.5,4.686136476262645,0.7096949059272344,,0.5
